Label (GrA1:JS41ouping),Census Tract 1; Onondaga County; New York!!Count,Census Tract 1; Onondaga County; New York!!Percent,Census Tract 2; Onondaga County; New York!!Count,Census Tract 2; Onondaga County; New York!!Percent,Census Tract 3; Onondaga County; New York!!Count,Census Tract 3; Onondaga County; New York!!Percent,Census Tract 4; Onondaga County; New York!!Count,Census Tract 4; Onondaga County; New York!!Percent,Census Tract 5.01; Onondaga County; New York!!Count,Census Tract 5.01; Onondaga County; New York!!Percent,Census Tract 6; Onondaga County; New York!!Count,Census Tract 6; Onondaga County; New York!!Percent,Census Tract 7; Onondaga County; New York!!Count,Census Tract 7; Onondaga County; New York!!Percent,Census Tract 8; Onondaga County; New York!!Count,Census Tract 8; Onondaga County; New York!!Percent,Census Tract 9; Onondaga County; New York!!Count,Census Tract 9; Onondaga County; New York!!Percent,Census Tract 10; Onondaga County; New York!!Count,Census Tract 10; Onondaga County; New York!!Percent,Census Tract 14; Onondaga County; New York!!Count,Census Tract 14; Onondaga County; New York!!Percent,Census Tract 15; Onondaga County; New York!!Count,Census Tract 15; Onondaga County; New York!!Percent,Census Tract 16; Onondaga County; New York!!Count,Census Tract 16; Onondaga County; New York!!Percent,Census Tract 17.01; Onondaga County; New York!!Count,Census Tract 17.01; Onondaga County; New York!!Percent,Census Tract 17.02; Onondaga County; New York!!Count,Census Tract 17.02; Onondaga County; New York!!Percent,Census Tract 18; Onondaga County; New York!!Count,Census Tract 18; Onondaga County; New York!!Percent,Census Tract 19; Onondaga County; New York!!Count,Census Tract 19; Onondaga County; New York!!Percent,Census Tract 20; Onondaga County; New York!!Count,Census Tract 20; Onondaga County; New York!!Percent,Census Tract 21.01; Onondaga County; New York!!Count,Census Tract 21.01; Onondaga County; New York!!Percent,Census Tract 23; Onondaga County; New York!!Count,Census Tract 23; Onondaga County; New York!!Percent,Census Tract 24; Onondaga County; New York!!Count,Census Tract 24; Onondaga County; New York!!Percent,Census Tract 27; Onondaga County; New York!!Count,Census Tract 27; Onondaga County; New York!!Percent,Census Tract 29.01; Onondaga County; New York!!Count,Census Tract 29.01; Onondaga County; New York!!Percent,Census Tract 30; Onondaga County; New York!!Count,Census Tract 30; Onondaga County; New York!!Percent,Census Tract 32; Onondaga County; New York!!Count,Census Tract 32; Onondaga County; New York!!Percent,Census Tract 34; Onondaga County; New York!!Count,Census Tract 34; Onondaga County; New York!!Percent,Census Tract 35; Onondaga County; New York!!Count,Census Tract 35; Onondaga County; New York!!Percent,Census Tract 36.01; Onondaga County; New York!!Count,Census Tract 36.01; Onondaga County; New York!!Percent,Census Tract 36.02; Onondaga County; New York!!Count,Census Tract 36.02; Onondaga County; New York!!Percent,Census Tract 38; Onondaga County; New York!!Count,Census Tract 38; Onondaga County; New York!!Percent,Census Tract 39; Onondaga County; New York!!Count,Census Tract 39; Onondaga County; New York!!Percent,Census Tract 40; Onondaga County; New York!!Count,Census Tract 40; Onondaga County; New York!!Percent,Census Tract 42; Onondaga County; New York!!Count,Census Tract 42; Onondaga County; New York!!Percent,Census Tract 43.01; Onondaga County; New York!!Count,Census Tract 43.01; Onondaga County; New York!!Percent,Census Tract 43.02; Onondaga County; New York!!Count,Census Tract 43.02; Onondaga County; New York!!Percent,Census Tract 44.01; Onondaga County; New York!!Count,Census Tract 44.01; Onondaga County; New York!!Percent,Census Tract 45; Onondaga County; New York!!Count,Census Tract 45; Onondaga County; New York!!Percent,Census Tract 46; Onondaga County; New York!!Count,Census Tract 46; Onondaga County; New York!!Percent,Census Tract 48; Onondaga County; New York!!Count,Census Tract 48; Onondaga County; New York!!Percent,Census Tract 49; Onondaga County; New York!!Count,Census Tract 49; Onondaga County; New York!!Percent,Census Tract 50; Onondaga County; New York!!Count,Census Tract 50; Onondaga County; New York!!Percent,Census Tract 51; Onondaga County; New York!!Count,Census Tract 51; Onondaga County; New York!!Percent,Census Tract 52; Onondaga County; New York!!Count,Census Tract 52; Onondaga County; New York!!Percent,Census Tract 53; Onondaga County; New York!!Count,Census Tract 53; Onondaga County; New York!!Percent,Census Tract 54; Onondaga County; New York!!Count,Census Tract 54; Onondaga County; New York!!Percent,Census Tract 55; Onondaga County; New York!!Count,Census Tract 55; Onondaga County; New York!!Percent,Census Tract 56.01; Onondaga County; New York!!Count,Census Tract 56.01; Onondaga County; New York!!Percent,Census Tract 56.02; Onondaga County; New York!!Count,Census Tract 56.02; Onondaga County; New York!!Percent,Census Tract 57; Onondaga County; New York!!Count,Census Tract 57; Onondaga County; New York!!Percent,Census Tract 58; Onondaga County; New York!!Count,Census Tract 58; Onondaga County; New York!!Percent,Census Tract 59; Onondaga County; New York!!Count,Census Tract 59; Onondaga County; New York!!Percent,Census Tract 60; Onondaga County; New York!!Count,Census Tract 60; Onondaga County; New York!!Percent,Census Tract 61.01; Onondaga County; New York!!Count,Census Tract 61.01; Onondaga County; New York!!Percent,Census Tract 61.02; Onondaga County; New York!!Count,Census Tract 61.02; Onondaga County; New York!!Percent,Census Tract 61.03; Onondaga County; New York!!Count,Census Tract 61.03; Onondaga County; New York!!Percent,Census Tract 101; Onondaga County; New York!!Count,Census Tract 101; Onondaga County; New York!!Percent,Census Tract 102; Onondaga County; New York!!Count,Census Tract 102; Onondaga County; New York!!Percent,Census Tract 103.01; Onondaga County; New York!!Count,Census Tract 103.01; Onondaga County; New York!!Percent,Census Tract 103.21; Onondaga County; New York!!Count,Census Tract 103.21; Onondaga County; New York!!Percent,Census Tract 103.22; Onondaga County; New York!!Count,Census Tract 103.22; Onondaga County; New York!!Percent,Census Tract 104; Onondaga County; New York!!Count,Census Tract 104; Onondaga County; New York!!Percent,Census Tract 105; Onondaga County; New York!!Count,Census Tract 105; Onondaga County; New York!!Percent,Census Tract 106; Onondaga County; New York!!Count,Census Tract 106; Onondaga County; New York!!Percent,Census Tract 107; Onondaga County; New York!!Count,Census Tract 107; Onondaga County; New York!!Percent,Census Tract 108; Onondaga County; New York!!Count,Census Tract 108; Onondaga County; New York!!Percent,Census Tract 109; Onondaga County; New York!!Count,Census Tract 109; Onondaga County; New York!!Percent,Census Tract 110.11; Onondaga County; New York!!Count,Census Tract 110.11; Onondaga County; New York!!Percent,Census Tract 110.12; Onondaga County; New York!!Count,Census Tract 110.12; Onondaga County; New York!!Percent,Census Tract 110.21; Onondaga County; New York!!Count,Census Tract 110.21; Onondaga County; New York!!Percent,Census Tract 110.22; Onondaga County; New York!!Count,Census Tract 110.22; Onondaga County; New York!!Percent,Census Tract 111.01; Onondaga County; New York!!Count,Census Tract 111.01; Onondaga County; New York!!Percent,Census Tract 111.02; Onondaga County; New York!!Count,Census Tract 111.02; Onondaga County; New York!!Percent,Census Tract 112.01; Onondaga County; New York!!Count,Census Tract 112.01; Onondaga County; New York!!Percent,Census Tract 112.02; Onondaga County; New York!!Count,Census Tract 112.02; Onondaga County; New York!!Percent,Census Tract 112.31; Onondaga County; New York!!Count,Census Tract 112.31; Onondaga County; New York!!Percent,Census Tract 112.32; Onondaga County; New York!!Count,Census Tract 112.32; Onondaga County; New York!!Percent,Census Tract 112.41; Onondaga County; New York!!Count,Census Tract 112.41; Onondaga County; New York!!Percent,Census Tract 112.42; Onondaga County; New York!!Count,Census Tract 112.42; Onondaga County; New York!!Percent,Census Tract 113; Onondaga County; New York!!Count,Census Tract 113; Onondaga County; New York!!Percent,Census Tract 114.01; Onondaga County; New York!!Count,Census Tract 114.01; Onondaga County; New York!!Percent,Census Tract 114.02; Onondaga County; New York!!Count,Census Tract 114.02; Onondaga County; New York!!Percent,Census Tract 115; Onondaga County; New York!!Count,Census Tract 115; Onondaga County; New York!!Percent,Census Tract 116; Onondaga County; New York!!Count,Census Tract 116; Onondaga County; New York!!Percent,Census Tract 117; Onondaga County; New York!!Count,Census Tract 117; Onondaga County; New York!!Percent,Census Tract 118; Onondaga County; New York!!Count,Census Tract 118; Onondaga County; New York!!Percent,Census Tract 119; Onondaga County; New York!!Count,Census Tract 119; Onondaga County; New York!!Percent,Census Tract 120; Onondaga County; New York!!Count,Census Tract 120; Onondaga County; New York!!Percent,Census Tract 121; Onondaga County; New York!!Count,Census Tract 121; Onondaga County; New York!!Percent,Census Tract 122; Onondaga County; New York!!Count,Census Tract 122; Onondaga County; New York!!Percent,Census Tract 123; Onondaga County; New York!!Count,Census Tract 123; Onondaga County; New York!!Percent,Census Tract 124; Onondaga County; New York!!Count,Census Tract 124; Onondaga County; New York!!Percent,Census Tract 125; Onondaga County; New York!!Count,Census Tract 125; Onondaga County; New York!!Percent,Census Tract 126; Onondaga County; New York!!Count,Census Tract 126; Onondaga County; New York!!Percent,Census Tract 127; Onondaga County; New York!!Count,Census Tract 127; Onondaga County; New York!!Percent,Census Tract 128; Onondaga County; New York!!Count,Census Tract 128; Onondaga County; New York!!Percent,Census Tract 129; Onondaga County; New York!!Count,Census Tract 129; Onondaga County; New York!!Percent,Census Tract 130; Onondaga County; New York!!Count,Census Tract 130; Onondaga County; New York!!Percent,Census Tract 131; Onondaga County; New York!!Count,Census Tract 131; Onondaga County; New York!!Percent,Census Tract 132; Onondaga County; New York!!Count,Census Tract 132; Onondaga County; New York!!Percent,Census Tract 133; Onondaga County; New York!!Count,Census Tract 133; Onondaga County; New York!!Percent,Census Tract 134; Onondaga County; New York!!Count,Census Tract 134; Onondaga County; New York!!Percent,Census Tract 135; Onondaga County; New York!!Count,Census Tract 135; Onondaga County; New York!!Percent,Census Tract 136; Onondaga County; New York!!Count,Census Tract 136; Onondaga County; New York!!Percent,Census Tract 137.01; Onondaga County; New York!!Count,Census Tract 137.01; Onondaga County; New York!!Percent,Census Tract 138; Onondaga County; New York!!Count,Census Tract 138; Onondaga County; New York!!Percent,Census Tract 139; Onondaga County; New York!!Count,Census Tract 139; Onondaga County; New York!!Percent,Census Tract 140; Onondaga County; New York!!Count,Census Tract 140; Onondaga County; New York!!Percent,Census Tract 142; Onondaga County; New York!!Count,Census Tract 142; Onondaga County; New York!!Percent,Census Tract 143; Onondaga County; New York!!Count,Census Tract 143; Onondaga County; New York!!Percent,Census Tract 144; Onondaga County; New York!!Count,Census Tract 144; Onondaga County; New York!!Percent,Census Tract 145; Onondaga County; New York!!Count,Census Tract 145; Onondaga County; New York!!Percent,Census Tract 146; Onondaga County; New York!!Count,Census Tract 146; Onondaga County; New York!!Percent,Census Tract 147; Onondaga County; New York!!Count,Census Tract 147; Onondaga County; New York!!Percent,Census Tract 148; Onondaga County; New York!!Count,Census Tract 148; Onondaga County; New York!!Percent,Census Tract 149; Onondaga County; New York!!Count,Census Tract 149; Onondaga County; New York!!Percent,Census Tract 150; Onondaga County; New York!!Count,Census Tract 150; Onondaga County; New York!!Percent,Census Tract 151; Onondaga County; New York!!Count,Census Tract 151; Onondaga County; New York!!Percent,Census Tract 152.01; Onondaga County; New York!!Count,Census Tract 152.01; Onondaga County; New York!!Percent,Census Tract 152.02; Onondaga County; New York!!Count,Census Tract 152.02; Onondaga County; New York!!Percent,Census Tract 152.03; Onondaga County; New York!!Count,Census Tract 152.03; Onondaga County; New York!!Percent,Census Tract 154; Onondaga County; New York!!Count,Census Tract 154; Onondaga County; New York!!Percent,Census Tract 155; Onondaga County; New York!!Count,Census Tract 155; Onondaga County; New York!!Percent,Census Tract 156.01; Onondaga County; New York!!Count,Census Tract 156.01; Onondaga County; New York!!Percent,Census Tract 156.02; Onondaga County; New York!!Count,Census Tract 156.02; Onondaga County; New York!!Percent,Census Tract 157.01; Onondaga County; New York!!Count,Census Tract 157.01; Onondaga County; New York!!Percent,Census Tract 157.02; Onondaga County; New York!!Count,Census Tract 157.02; Onondaga County; New York!!Percent,Census Tract 158; Onondaga County; New York!!Count,Census Tract 158; Onondaga County; New York!!Percent,Census Tract 160.01; Onondaga County; New York!!Count,Census Tract 160.01; Onondaga County; New York!!Percent,Census Tract 160.02; Onondaga County; New York!!Count,Census Tract 160.02; Onondaga County; New York!!Percent,Census Tract 161; Onondaga County; New York!!Count,Census Tract 161; Onondaga County; New York!!Percent,Census Tract 162; Onondaga County; New York!!Count,Census Tract 162; Onondaga County; New York!!Percent,Census Tract 163; Onondaga County; New York!!Count,Census Tract 163; Onondaga County; New York!!Percent,Census Tract 164; Onondaga County; New York!!Count,Census Tract 164; Onondaga County; New York!!Percent,Census Tract 165.01; Onondaga County; New York!!Count,Census Tract 165.01; Onondaga County; New York!!Percent,Census Tract 165.02; Onondaga County; New York!!Count,Census Tract 165.02; Onondaga County; New York!!Percent,Census Tract 166; Onondaga County; New York!!Count,Census Tract 166; Onondaga County; New York!!Percent,Census Tract 167; Onondaga County; New York!!Count,Census Tract 167; Onondaga County; New York!!Percent,Census Tract 168.01; Onondaga County; New York!!Count,Census Tract 168.01; Onondaga County; New York!!Percent,Census Tract 168.02; Onondaga County; New York!!Count,Census Tract 168.02; Onondaga County; New York!!Percent,Census Tract 169.01; Onondaga County; New York!!Count,Census Tract 169.01; Onondaga County; New York!!Percent,Census Tract 169.02; Onondaga County; New York!!Count,Census Tract 169.02; Onondaga County; New York!!Percent,Census Tract 9400; Onondaga County; New York!!Count,Census Tract 9400; Onondaga County; New York!!Percent,"Syracuse city, New York!!Count","Syracuse city, New York!!Percent"
RACE,,,,,,,,,,,,,,,,,,,,,,,,,,,,,,,,,,,,,,,,,,,,,,,,,,,,,,,,,,,,,,,,,,,,,,,,,,,,,,,,,,,,,,,,,,,,,,,,,,,,,,,,,,,,,,,,,,,,,,,,,,,,,,,,,,,,,,,,,,,,,,,,,,,,,,,,,,,,,,,,,,,,,,,,,,,,,,,,,,,,,,,,,,,,,,,,,,,,,,,,,,,,,,,,,,,,,,,,,,,,,,,,,,,,,,,,,,,,,,,,,,,,,,,,,,,,,,,,,,,,,,,,,,,,,,,,,,,,,,,,,,,,,,
    Total population,"1,049",100.00%,"3,642",100.00%,"1,565",100.00%,"3,720",100.00%,"2,471",100.00%,"3,664",100.00%,"1,892",100.00%,"2,913",100.00%,"3,120",100.00%,"4,023",100.00%,"3,225",100.00%,"2,781",100.00%,"3,270",100.00%,"2,460",100.00%,"2,572",100.00%,"2,713",100.00%,"3,824",100.00%,"2,171",100.00%,"2,789",100.00%,"1,665",100.00%,"1,837",100.00%,"1,819",100.00%,"2,628",100.00%,"2,137",100.00%,"3,465",100.00%,"2,673",100.00%,"2,452",100.00%,"2,312",100.00%,"2,132",100.00%,"2,377",100.00%,"3,192",100.00%,"1,341",100.00%,"2,226",100.00%,"1,911",100.00%,"7,606",100.00%,"3,508",100.00%,"2,795",100.00%,"5,150",100.00%,"1,351",100.00%,"1,554",100.00%,"2,617",100.00%,"2,287",100.00%,"1,930",100.00%,"1,866",100.00%,"2,403",100.00%,"4,754",100.00%,"1,539",100.00%,"2,869",100.00%,"1,941",100.00%,"2,121",100.00%,"1,669",100.00%,"3,667",100.00%,"4,451",100.00%,"1,984",100.00%,"2,533",100.00%,"2,854",100.00%,"6,086",100.00%,"5,233",100.00%,"2,901",100.00%,"3,722",100.00%,"4,028",100.00%,"2,400",100.00%,"2,170",100.00%,"2,041",100.00%,"4,703",100.00%,"2,331",100.00%,"3,445",100.00%,"4,157",100.00%,"2,821",100.00%,"3,081",100.00%,"5,914",100.00%,"3,906",100.00%,"3,775",100.00%,"4,670",100.00%,"4,650",100.00%,"4,322",100.00%,"2,586",100.00%,"6,014",100.00%,"4,152",100.00%,"7,253",100.00%,"4,160",100.00%,"6,573",100.00%,"5,088",100.00%,"4,199",100.00%,"6,165",100.00%,"4,003",100.00%,"5,476",100.00%,"5,202",100.00%,"1,188",100.00%,"3,431",100.00%,"4,379",100.00%,"3,749",100.00%,"5,334",100.00%,"2,036",100.00%,"2,872",100.00%,"2,508",100.00%,"4,137",100.00%,"4,598",100.00%,"3,004",100.00%,"2,256",100.00%,"5,482",100.00%,"4,876",100.00%,"3,222",100.00%,"4,510",100.00%,"2,169",100.00%,"2,741",100.00%,"3,642",100.00%,"4,315",100.00%,"3,078",100.00%,"2,428",100.00%,"3,974",100.00%,"5,212",100.00%,"6,123",100.00%,"3,282",100.00%,"1,977",100.00%,"4,604",100.00%,"5,913",100.00%,"3,339",100.00%,"4,724",100.00%,"2,763",100.00%,"5,952",100.00%,"2,780",100.00%,"2,074",100.00%,"1,563",100.00%,"2,345",100.00%,"4,735",100.00%,"4,910",100.00%,"3,373",100.00%,"2,820",100.00%,"2,478",100.00%,"2,132",100.00%,"8,108",100.00%,"4,026",100.00%,"1,782",100.00%,"4,284",100.00%,"4,656",100.00%,"2,456",100.00%,"1,588",100.00%,"2,368",100.00%,"2,676",100.00%,"2,006",100.00%,831,100.00%,"148,620",100.00%
        One Race,997,95.00%,"3,311",90.90%,"1,437",91.80%,"3,447",92.70%,"2,232",90.30%,"3,329",90.90%,"1,715",90.60%,"2,601",89.30%,"2,856",91.50%,"3,602",89.50%,"2,959",91.80%,"2,481",89.20%,"3,030",92.70%,"2,095",85.20%,"2,308",89.70%,"2,436",89.80%,"3,486",91.20%,"1,889",87.00%,"2,382",85.40%,"1,493",89.70%,"1,583",86.20%,"1,670",91.80%,"2,459",93.60%,"1,842",86.20%,"3,257",94.00%,"2,528",94.60%,"2,257",92.00%,"2,070",89.50%,"1,888",88.60%,"1,939",81.60%,"2,724",85.30%,"1,124",83.80%,"1,984",89.10%,"1,805",94.50%,"7,173",94.30%,"3,248",92.60%,"2,595",92.80%,"4,776",92.70%,"1,276",94.40%,"1,343",86.40%,"2,378",90.90%,"2,063",90.20%,"1,743",90.30%,"1,750",93.80%,"2,224",92.60%,"4,387",92.30%,"1,432",93.00%,"2,705",94.30%,"1,780",91.70%,"1,983",93.50%,"1,538",92.20%,"3,297",89.90%,"4,140",93.00%,"1,861",93.80%,"2,313",91.30%,"2,720",95.30%,"5,674",93.20%,"4,963",94.80%,"2,735",94.30%,"3,499",94.00%,"3,799",94.30%,"2,265",94.40%,"2,049",94.40%,"1,873",91.80%,"4,319",91.80%,"2,210",94.80%,"3,324",96.50%,"3,895",93.70%,"2,646",93.80%,"2,901",94.20%,"5,524",93.40%,"3,534",90.50%,"3,498",92.70%,"4,443",95.10%,"4,359",93.70%,"4,030",93.20%,"2,450",94.70%,"5,634",93.70%,"3,945",95.00%,"6,890",95.00%,"3,931",94.50%,"6,169",93.90%,"4,800",94.30%,"3,971",94.60%,"5,762",93.50%,"3,769",94.20%,"5,166",94.30%,"5,001",96.10%,"1,121",94.40%,"3,287",95.80%,"4,116",94.00%,"3,462",92.30%,"5,100",95.60%,"1,912",93.90%,"2,707",94.30%,"2,236",89.20%,"3,835",92.70%,"4,396",95.60%,"2,881",95.90%,"2,152",95.40%,"5,190",94.70%,"4,672",95.80%,"2,975",92.30%,"4,148",92.00%,"2,027",93.50%,"2,496",91.10%,"3,313",91.00%,"3,944",91.40%,"2,785",90.50%,"2,262",93.20%,"3,745",94.20%,"4,769",91.50%,"5,811",94.90%,"3,084",94.00%,"1,836",92.90%,"4,338",94.20%,"5,673",95.90%,"3,169",94.90%,"4,454",94.30%,"2,607",94.40%,"5,652",95.00%,"2,677",96.30%,"1,970",95.00%,"1,457",93.20%,"2,218",94.60%,"4,453",94.00%,"4,657",94.80%,"3,205",95.00%,"2,691",95.40%,"2,323",93.70%,"1,898",89.00%,"7,669",94.60%,"3,803",94.50%,"1,703",95.60%,"4,107",95.90%,"4,446",95.50%,"2,349",95.60%,"1,529",96.30%,"2,248",94.90%,"2,569",96.00%,"1,912",95.30%,821,98.80%,"135,215",91.00%
            White,832,79.30%,"1,720",47.20%,903,57.70%,"2,347",63.10%,918,37.20%,"1,212",33.10%,598,31.60%,"1,125",38.60%,"2,245",72.00%,"2,159",53.70%,741,23.00%,882,31.70%,"1,807",55.30%,"1,239",50.40%,"1,564",60.80%,"1,847",68.10%,"2,733",71.50%,"1,381",63.60%,"1,450",52.00%,650,39.00%,740,40.30%,"1,321",72.60%,"2,134",81.20%,578,27.00%,"1,826",52.70%,"1,210",45.30%,871,35.50%,529,22.90%,555,26.00%,719,30.20%,829,26.00%,356,26.50%,259,11.60%,908,47.50%,"5,157",67.80%,"2,570",73.30%,"1,739",62.20%,"3,632",70.50%,"1,108",82.00%,828,53.30%,"1,655",63.20%,493,21.60%,187,9.70%,329,17.60%,240,10.00%,"2,011",42.30%,"1,101",71.50%,"2,108",73.50%,603,31.10%,280,13.20%,226,13.50%,"1,478",40.30%,"1,737",39.00%,895,45.10%,"1,613",63.70%,"2,625",92.00%,"5,444",89.50%,"4,651",88.90%,"2,562",88.30%,"3,305",88.80%,"3,621",89.90%,"2,137",89.00%,"1,894",87.30%,"1,737",85.10%,"4,050",86.10%,"2,114",90.70%,"2,922",84.80%,"3,127",75.20%,"2,402",85.10%,"2,659",86.30%,"4,871",82.40%,"2,593",66.40%,"3,197",84.70%,"4,043",86.60%,"3,919",84.30%,"3,678",85.10%,"2,255",87.20%,"4,955",82.40%,"3,619",87.20%,"6,591",90.90%,"3,849",92.50%,"5,869",89.30%,"4,624",90.90%,"3,782",90.10%,"5,468",88.70%,"3,633",90.80%,"5,054",92.30%,"4,827",92.80%,"1,055",88.80%,"3,148",91.80%,"3,852",88.00%,"3,091",82.40%,"4,794",89.90%,"1,820",89.40%,"2,634",91.70%,"1,906",76.00%,"3,518",85.00%,"4,218",91.70%,"2,723",90.60%,"2,044",90.60%,"4,742",86.50%,"4,100",84.10%,"2,505",77.70%,"3,552",78.80%,"1,932",89.10%,"2,246",81.90%,"2,754",75.60%,"3,147",72.90%,"2,412",78.40%,"1,964",80.90%,"3,308",83.20%,"3,577",68.60%,"4,887",79.80%,"2,788",84.90%,"1,555",78.70%,"4,024",87.40%,"5,139",86.90%,"2,758",82.60%,"3,749",79.40%,"2,286",82.70%,"5,377",90.30%,"2,560",92.10%,"1,911",92.10%,"1,342",85.90%,"2,166",92.40%,"4,018",84.90%,"4,472",91.10%,"3,076",91.20%,"2,629",93.20%,"1,752",70.70%,"1,493",70.00%,"6,720",82.90%,"3,377",83.90%,"1,670",93.70%,"4,033",94.10%,"4,361",93.70%,"2,293",93.40%,"1,511",95.20%,"2,183",92.20%,"2,498",93.30%,"1,853",92.40%,454,54.60%,"71,175",47.90%
            Black or African American,87,8.30%,945,25.90%,273,17.40%,591,15.90%,697,28.20%,"1,245",34.00%,627,33.10%,886,30.40%,382,12.20%,"1,081",26.90%,"1,094",33.90%,"1,004",36.10%,941,28.80%,576,23.40%,559,21.70%,392,14.40%,541,14.10%,394,18.10%,688,24.70%,608,36.50%,543,29.60%,270,14.80%,215,8.20%,859,40.20%,727,21.00%,649,24.30%,969,39.50%,"1,269",54.90%,"1,129",53.00%,913,38.40%,"1,426",44.70%,553,41.20%,"1,473",66.20%,647,33.90%,861,11.30%,225,6.40%,321,11.50%,902,17.50%,124,9.20%,384,24.70%,584,22.30%,"1,390",60.80%,"1,433",74.20%,"1,299",69.60%,"1,877",78.10%,"1,724",36.30%,186,12.10%,338,11.80%,"1,045",53.80%,"1,597",75.30%,"1,197",71.70%,"1,566",42.70%,"2,236",50.20%,494,24.90%,555,21.90%,35,1.20%,79,1.30%,128,2.40%,60,2.10%,61,1.60%,88,2.20%,82,3.40%,67,3.10%,51,2.50%,131,2.80%,26,1.10%,98,2.80%,336,8.10%,144,5.10%,113,3.70%,379,6.40%,675,17.30%,172,4.60%,166,3.60%,240,5.20%,176,4.10%,76,2.90%,327,5.40%,120,2.90%,121,1.70%,19,0.50%,151,2.30%,63,1.20%,50,1.20%,142,2.30%,40,1.00%,19,0.30%,55,1.10%,35,2.90%,43,1.30%,121,2.80%,218,5.80%,159,3.00%,43,2.10%,38,1.30%,195,7.80%,164,4.00%,80,1.70%,90,3.00%,64,2.80%,192,3.50%,172,3.50%,197,6.10%,251,5.60%,24,1.10%,110,4.00%,284,7.80%,367,8.50%,237,7.70%,158,6.50%,146,3.70%,791,15.20%,302,4.90%,84,2.60%,149,7.50%,48,1.00%,168,2.80%,118,3.50%,77,1.60%,55,2.00%,90,1.50%,30,1.10%,24,1.20%,27,1.70%,9,0.40%,55,1.20%,41,0.80%,46,1.40%,14,0.50%,100,4.00%,254,11.90%,617,7.60%,304,7.60%,4,0.20%,25,0.60%,7,0.20%,4,0.20%,2,0.10%,7,0.30%,17,0.60%,8,0.40%,1,0.10%,"45,588",30.70%
            American Indian and Alaska Native,6,0.60%,72,2.00%,14,0.90%,27,0.70%,21,0.80%,59,1.60%,18,1.00%,43,1.50%,5,0.20%,45,1.10%,34,1.10%,32,1.20%,24,0.70%,57,2.30%,25,1.00%,29,1.10%,28,0.70%,27,1.20%,70,2.50%,21,1.30%,28,1.50%,18,1.00%,28,1.10%,27,1.30%,13,0.40%,6,0.20%,19,0.80%,25,1.10%,11,0.50%,34,1.40%,58,1.80%,24,1.80%,15,0.70%,2,0.10%,2,0.00%,5,0.10%,11,0.40%,12,0.20%,10,0.70%,21,1.40%,12,0.50%,37,1.60%,10,0.50%,7,0.40%,18,0.70%,23,0.50%,3,0.20%,3,0.10%,31,1.60%,20,0.90%,16,1.00%,75,2.00%,58,1.30%,18,0.90%,51,2.00%,19,0.70%,16,0.30%,29,0.60%,21,0.70%,13,0.30%,22,0.50%,0,0.00%,8,0.40%,23,1.10%,22,0.50%,11,0.50%,15,0.40%,19,0.50%,8,0.30%,10,0.30%,27,0.50%,24,0.60%,19,0.50%,8,0.20%,9,0.20%,14,0.30%,20,0.80%,15,0.20%,10,0.20%,14,0.20%,9,0.20%,12,0.20%,14,0.30%,16,0.40%,48,0.80%,20,0.50%,17,0.30%,27,0.50%,6,0.50%,2,0.10%,16,0.40%,16,0.40%,32,0.60%,13,0.60%,12,0.40%,64,2.60%,33,0.80%,14,0.30%,16,0.50%,12,0.50%,18,0.30%,9,0.20%,24,0.70%,32,0.70%,6,0.30%,21,0.80%,29,0.80%,39,0.90%,34,1.10%,11,0.50%,24,0.60%,20,0.40%,9,0.10%,13,0.40%,26,1.30%,10,0.20%,30,0.50%,16,0.50%,20,0.40%,2,0.10%,33,0.60%,6,0.20%,11,0.50%,1,0.10%,4,0.20%,6,0.10%,92,1.90%,29,0.90%,20,0.70%,11,0.40%,98,4.60%,85,1.00%,19,0.50%,5,0.30%,4,0.10%,16,0.30%,2,0.10%,3,0.20%,17,0.70%,7,0.30%,18,0.90%,281,33.80%,"1,408",0.90%
            Asian,53,5.10%,437,12.00%,208,13.30%,369,9.90%,495,20.00%,684,18.70%,396,20.90%,457,15.70%,174,5.60%,131,3.30%,"1,032",32.00%,499,17.90%,118,3.60%,118,4.80%,77,3.00%,109,4.00%,87,2.30%,10,0.50%,40,1.40%,155,9.30%,142,7.70%,17,0.90%,26,1.00%,12,0.60%,570,16.50%,535,20.00%,184,7.50%,34,1.50%,65,3.00%,14,0.60%,15,0.50%,18,1.30%,9,0.40%,66,3.50%,777,10.20%,364,10.40%,450,16.10%,144,2.80%,8,0.60%,32,2.10%,33,1.30%,2,0.10%,4,0.20%,13,0.70%,2,0.10%,478,10.10%,103,6.70%,144,5.00%,5,0.30%,7,0.30%,6,0.40%,14,0.40%,18,0.40%,410,20.70%,32,1.30%,23,0.80%,74,1.20%,104,2.00%,79,2.70%,88,2.40%,50,1.20%,33,1.40%,37,1.70%,36,1.80%,52,1.10%,41,1.80%,238,6.90%,357,8.60%,68,2.40%,71,2.30%,199,3.40%,137,3.50%,50,1.30%,179,3.80%,114,2.50%,129,3.00%,86,3.30%,268,4.50%,161,3.90%,100,1.40%,20,0.50%,84,1.30%,62,1.20%,76,1.80%,47,0.80%,43,1.10%,27,0.50%,54,1.00%,7,0.60%,63,1.80%,79,1.80%,109,2.90%,88,1.60%,17,0.80%,10,0.30%,11,0.40%,53,1.30%,42,0.90%,31,1.00%,13,0.60%,175,3.20%,342,7.00%,199,6.20%,256,5.70%,60,2.80%,89,3.20%,170,4.70%,316,7.30%,42,1.40%,93,3.80%,228,5.70%,257,4.90%,566,9.20%,188,5.70%,97,4.90%,220,4.80%,299,5.10%,235,7.00%,572,12.10%,251,9.10%,80,1.30%,65,2.30%,12,0.60%,67,4.30%,14,0.60%,337,7.10%,32,0.70%,19,0.60%,22,0.80%,436,17.60%,20,0.90%,157,1.90%,44,1.10%,8,0.40%,28,0.70%,45,1.00%,23,0.90%,12,0.80%,6,0.30%,33,1.20%,8,0.40%,0,0.00%,"10,403",7.00%
            Native Hawaiian and Other Pacific Islander,2,0.20%,1,0.00%,1,0.10%,2,0.10%,0,0.00%,2,0.10%,1,0.10%,0,0.00%,0,0.00%,0,0.00%,0,0.00%,0,0.00%,6,0.20%,4,0.20%,0,0.00%,0,0.00%,0,0.00%,0,0.00%,4,0.10%,2,0.10%,0,0.00%,1,0.10%,0,0.00%,0,0.00%,0,0.00%,0,0.00%,0,0.00%,1,0.00%,0,0.00%,0,0.00%,1,0.00%,1,0.10%,0,0.00%,0,0.00%,2,0.00%,0,0.00%,3,0.10%,1,0.00%,1,0.10%,2,0.10%,0,0.00%,0,0.00%,1,0.10%,1,0.10%,0,0.00%,20,0.40%,0,0.00%,4,0.10%,0,0.00%,0,0.00%,1,0.10%,2,0.10%,0,0.00%,0,0.00%,0,0.00%,0,0.00%,0,0.00%,4,0.10%,0,0.00%,0,0.00%,0,0.00%,0,0.00%,0,0.00%,0,0.00%,1,0.00%,0,0.00%,0,0.00%,3,0.10%,0,0.00%,0,0.00%,1,0.00%,1,0.00%,0,0.00%,1,0.00%,1,0.00%,1,0.00%,1,0.00%,0,0.00%,0,0.00%,7,0.10%,2,0.00%,0,0.00%,0,0.00%,0,0.00%,4,0.10%,0,0.00%,1,0.00%,0,0.00%,1,0.10%,0,0.00%,5,0.10%,0,0.00%,0,0.00%,2,0.10%,0,0.00%,1,0.00%,1,0.00%,0,0.00%,0,0.00%,1,0.00%,4,0.10%,0,0.00%,2,0.10%,0,0.00%,0,0.00%,3,0.10%,5,0.10%,2,0.00%,1,0.00%,0,0.00%,0,0.00%,4,0.10%,0,0.00%,0,0.00%,0,0.00%,0,0.00%,0,0.00%,0,0.00%,0,0.00%,0,0.00%,1,0.00%,2,0.10%,0,0.00%,0,0.00%,0,0.00%,0,0.00%,0,0.00%,2,0.10%,0,0.00%,0,0.00%,0,0.00%,2,0.00%,0,0.00%,1,0.10%,0,0.00%,0,0.00%,0,0.00%,0,0.00%,0,0.00%,0,0.00%,3,0.10%,0,0.00%,67,0.00%
            Some Other Race,17,1.60%,136,3.70%,38,2.40%,111,3.00%,101,4.10%,127,3.50%,75,4.00%,90,3.10%,50,1.60%,186,4.60%,58,1.80%,64,2.30%,134,4.10%,101,4.10%,83,3.20%,59,2.20%,97,2.50%,77,3.50%,130,4.70%,57,3.40%,130,7.10%,43,2.40%,56,2.10%,366,17.10%,121,3.50%,128,4.80%,214,8.70%,212,9.20%,128,6.00%,259,10.90%,395,12.40%,172,12.80%,228,10.20%,182,9.50%,374,4.90%,84,2.40%,71,2.50%,85,1.70%,25,1.90%,76,4.90%,94,3.60%,141,6.20%,108,5.60%,101,5.40%,87,3.60%,131,2.80%,39,2.50%,108,3.80%,96,4.90%,79,3.70%,92,5.50%,162,4.40%,91,2.00%,44,2.20%,62,2.40%,18,0.60%,61,1.00%,47,0.90%,13,0.40%,32,0.90%,18,0.40%,13,0.50%,43,2.00%,26,1.30%,63,1.30%,18,0.80%,51,1.50%,53,1.30%,24,0.90%,48,1.60%,47,0.80%,104,2.70%,60,1.60%,46,1.00%,76,1.60%,32,0.70%,12,0.50%,69,1.10%,35,0.80%,57,0.80%,32,0.80%,53,0.80%,37,0.70%,47,1.10%,53,0.90%,33,0.80%,48,0.90%,38,0.70%,17,1.40%,31,0.90%,43,1.00%,28,0.70%,27,0.50%,17,0.80%,13,0.50%,59,2.40%,66,1.60%,42,0.90%,21,0.70%,18,0.80%,59,1.10%,49,1.00%,48,1.50%,57,1.30%,5,0.20%,27,1.00%,71,1.90%,73,1.70%,59,1.90%,36,1.50%,39,1.00%,120,2.30%,47,0.80%,11,0.30%,9,0.50%,36,0.80%,37,0.60%,42,1.30%,36,0.80%,13,0.50%,71,1.20%,14,0.50%,12,0.60%,20,1.30%,25,1.10%,37,0.80%,20,0.40%,33,1.00%,6,0.20%,24,1.00%,33,1.50%,88,1.10%,59,1.50%,15,0.80%,17,0.40%,17,0.40%,27,1.10%,1,0.10%,35,1.50%,14,0.50%,22,1.10%,85,10.20%,"6,574",4.40%
        Two or More Races,52,5.00%,331,9.10%,128,8.20%,273,7.30%,239,9.70%,335,9.10%,177,9.40%,312,10.70%,264,8.50%,421,10.50%,266,8.20%,300,10.80%,240,7.30%,365,14.80%,264,10.30%,277,10.20%,338,8.80%,282,13.00%,407,14.60%,172,10.30%,254,13.80%,149,8.20%,169,6.40%,295,13.80%,208,6.00%,145,5.40%,195,8.00%,242,10.50%,244,11.40%,438,18.40%,468,14.70%,217,16.20%,242,10.90%,106,5.50%,433,5.70%,260,7.40%,200,7.20%,374,7.30%,75,5.60%,211,13.60%,239,9.10%,224,9.80%,187,9.70%,116,6.20%,179,7.40%,367,7.70%,107,7.00%,164,5.70%,161,8.30%,138,6.50%,131,7.80%,370,10.10%,311,7.00%,123,6.20%,220,8.70%,134,4.70%,412,6.80%,270,5.20%,166,5.70%,223,6.00%,229,5.70%,135,5.60%,121,5.60%,168,8.20%,384,8.20%,121,5.20%,121,3.50%,262,6.30%,175,6.20%,180,5.80%,390,6.60%,372,9.50%,277,7.30%,227,4.90%,291,6.30%,292,6.80%,136,5.30%,380,6.30%,207,5.00%,363,5.00%,229,5.50%,404,6.10%,288,5.70%,228,5.40%,403,6.50%,234,5.80%,310,5.70%,201,3.90%,67,5.60%,144,4.20%,263,6.00%,287,7.70%,234,4.40%,124,6.10%,165,5.70%,272,10.80%,302,7.30%,202,4.40%,123,4.10%,104,4.60%,292,5.30%,204,4.20%,247,7.70%,362,8.00%,142,6.50%,245,8.90%,329,9.00%,371,8.60%,293,9.50%,166,6.80%,229,5.80%,443,8.50%,312,5.10%,198,6.00%,141,7.10%,266,5.80%,240,4.10%,170,5.10%,270,5.70%,156,5.60%,300,5.00%,103,3.70%,104,5.00%,106,6.80%,127,5.40%,282,6.00%,253,5.20%,168,5.00%,129,4.60%,155,6.30%,234,11.00%,439,5.40%,223,5.50%,79,4.40%,177,4.10%,210,4.50%,107,4.40%,59,3.70%,120,5.10%,107,4.00%,94,4.70%,10,1.20%,"13,405",9.00%
TOTAL RACES TALLIED [1],,,,,,,,,,,,,,,,,,,,,,,,,,,,,,,,,,,,,,,,,,,,,,,,,,,,,,,,,,,,,,,,,,,,,,,,,,,,,,,,,,,,,,,,,,,,,,,,,,,,,,,,,,,,,,,,,,,,,,,,,,,,,,,,,,,,,,,,,,,,,,,,,,,,,,,,,,,,,,,,,,,,,,,,,,,,,,,,,,,,,,,,,,,,,,,,,,,,,,,,,,,,,,,,,,,,,,,,,,,,,,,,,,,,,,,,,,,,,,,,,,,,,,,,,,,,,,,,,,,,,,,,,,,,,,,,,,,,,,,,,,,,,,
    Total races tallied,"1,107",105.50%,"3,997",109.70%,"1,719",109.80%,"4,011",107.80%,"2,727",110.40%,"4,037",110.20%,"2,092",110.60%,"3,247",111.50%,"3,402",109.00%,"4,472",111.20%,"3,505",108.70%,"3,133",112.70%,"3,532",108.00%,"2,859",116.20%,"2,853",110.90%,"3,018",111.20%,"4,197",109.80%,"2,466",113.60%,"3,230",115.80%,"1,850",111.10%,"2,109",114.80%,"1,976",108.60%,"2,816",107.20%,"2,450",114.60%,"3,692",106.60%,"2,836",106.10%,"2,665",108.70%,"2,575",111.40%,"2,399",112.50%,"2,839",119.40%,"3,708",116.20%,"1,580",117.80%,"2,470",111.00%,"2,034",106.40%,"8,072",106.10%,"3,777",107.70%,"3,015",107.90%,"5,548",107.70%,"1,436",106.30%,"1,793",115.40%,"2,896",110.70%,"2,542",111.10%,"2,135",110.60%,"1,991",106.70%,"2,607",108.50%,"5,161",108.60%,"1,658",107.70%,"3,080",107.40%,"2,116",109.00%,"2,287",107.80%,"1,821",109.10%,"4,080",111.30%,"4,810",108.10%,"2,120",106.90%,"2,779",109.70%,"3,000",105.10%,"6,513",107.00%,"5,513",105.40%,"3,072",105.90%,"3,957",106.30%,"4,268",106.00%,"2,537",105.70%,"2,308",106.40%,"2,222",108.90%,"5,105",108.50%,"2,464",105.70%,"3,584",104.00%,"4,433",106.60%,"3,019",107.00%,"3,274",106.30%,"6,325",106.90%,"4,318",110.50%,"4,067",107.70%,"4,911",105.20%,"4,958",106.60%,"4,628",107.10%,"2,737",105.80%,"6,421",106.80%,"4,365",105.10%,"7,621",105.10%,"4,399",105.70%,"7,004",106.60%,"5,384",105.80%,"4,446",105.90%,"6,579",106.70%,"4,249",106.10%,"5,799",105.90%,"5,413",104.10%,"1,261",106.10%,"3,579",104.30%,"4,658",106.40%,"4,059",108.30%,"5,579",104.60%,"2,172",106.70%,"3,050",106.20%,"2,813",112.20%,"4,461",107.80%,"4,810",104.60%,"3,132",104.30%,"2,374",105.20%,"5,786",105.50%,"5,096",104.50%,"3,505",108.80%,"4,885",108.30%,"2,317",106.80%,"2,995",109.30%,"3,994",109.70%,"4,724",109.50%,"3,387",110.00%,"2,603",107.20%,"4,227",106.40%,"5,702",109.40%,"6,479",105.80%,"3,491",106.40%,"2,132",107.80%,"4,886",106.10%,"6,166",104.30%,"3,512",105.20%,"5,020",106.30%,"2,932",106.10%,"6,262",105.20%,"2,887",103.80%,"2,186",105.40%,"1,683",107.70%,"2,474",105.50%,"5,046",106.60%,"5,181",105.50%,"3,550",105.20%,"2,953",104.70%,"2,641",106.60%,"2,378",111.50%,"8,578",105.80%,"4,257",105.70%,"1,864",104.60%,"4,465",104.20%,"4,890",105.00%,"2,567",104.50%,"1,653",104.10%,"2,496",105.40%,"2,787",104.10%,"2,118",105.60%,842,101.30%,"163,321",109.90%
        White alone or in combination with one or more other races,879,83.80%,"2,024",55.60%,"1,021",65.20%,"2,590",69.60%,"1,127",45.60%,"1,486",40.60%,746,39.40%,"1,374",47.20%,"2,472",79.20%,"2,524",62.70%,974,30.20%,"1,149",41.30%,"2,013",61.60%,"1,569",63.80%,"1,791",69.60%,"2,114",77.90%,"3,042",79.60%,"1,636",75.40%,"1,820",65.30%,796,47.80%,966,52.60%,"1,453",79.90%,"2,297",87.40%,794,37.20%,"1,996",57.60%,"1,336",50.00%,"1,026",41.80%,726,31.40%,769,36.10%,"1,108",46.60%,"1,201",37.60%,520,38.80%,428,19.20%,982,51.40%,"5,559",73.10%,"2,811",80.10%,"1,920",68.70%,"3,956",76.80%,"1,173",86.80%,"1,021",65.70%,"1,865",71.30%,683,29.90%,330,17.10%,399,21.40%,389,16.20%,"2,318",48.80%,"1,200",78.00%,"2,271",79.20%,724,37.30%,389,18.30%,316,18.90%,"1,790",48.80%,"1,995",44.80%,997,50.30%,"1,807",71.30%,"2,750",96.40%,"5,842",96.00%,"4,904",93.70%,"2,720",93.80%,"3,516",94.50%,"3,833",95.20%,"2,269",94.50%,"2,004",92.40%,"1,899",93.00%,"4,414",93.90%,"2,233",95.80%,"3,038",88.20%,"3,375",81.20%,"2,560",90.70%,"2,832",91.90%,"5,221",88.30%,"2,912",74.60%,"3,460",91.70%,"4,251",91.00%,"4,188",90.10%,"3,952",91.40%,"2,389",92.40%,"5,332",88.70%,"3,812",91.80%,"6,947",95.80%,"4,074",97.90%,"6,255",95.20%,"4,901",96.30%,"4,002",95.30%,"5,859",95.00%,"3,863",96.50%,"5,361",97.90%,"5,024",96.60%,"1,116",93.90%,"3,288",95.80%,"4,091",93.40%,"3,367",89.80%,"5,020",94.10%,"1,937",95.10%,"2,792",97.20%,"2,163",86.20%,"3,811",92.10%,"4,406",95.80%,"2,843",94.60%,"2,143",95.00%,"5,016",91.50%,"4,295",88.10%,"2,725",84.60%,"3,896",86.40%,"2,064",95.20%,"2,485",90.70%,"3,060",84.00%,"3,492",80.90%,"2,685",87.20%,"2,118",87.20%,"3,529",88.80%,"3,971",76.20%,"5,194",84.80%,"2,976",90.70%,"1,693",85.60%,"4,280",93.00%,"5,375",90.90%,"2,922",87.50%,"4,013",84.90%,"2,432",88.00%,"5,671",95.30%,"2,656",95.50%,"2,012",97.00%,"1,445",92.50%,"2,289",97.60%,"4,289",90.60%,"4,716",96.00%,"3,238",96.00%,"2,755",97.70%,"1,893",76.40%,"1,707",80.10%,"7,141",88.10%,"3,586",89.10%,"1,746",98.00%,"4,193",97.90%,"4,564",98.00%,"2,399",97.70%,"1,569",98.80%,"2,296",97.00%,"2,596",97.00%,"1,941",96.80%,461,55.50%,"82,659",55.60%
        Black or African American alone or in combination with one or more other races,97,9.20%,"1,105",30.30%,330,21.10%,718,19.30%,816,33.00%,"1,455",39.70%,722,38.20%,"1,070",36.70%,506,16.20%,"1,279",31.80%,"1,223",37.90%,"1,188",42.70%,"1,046",32.00%,768,31.20%,680,26.40%,527,19.40%,666,17.40%,568,26.20%,904,32.40%,698,41.90%,659,35.90%,339,18.60%,273,10.40%,"1,022",47.80%,814,23.50%,727,27.20%,"1,059",43.20%,"1,401",60.60%,"1,239",58.10%,"1,145",48.20%,"1,721",53.90%,701,52.30%,"1,609",72.30%,723,37.80%,999,13.10%,327,9.30%,385,13.80%,"1,046",20.30%,152,11.30%,519,33.40%,709,27.10%,"1,524",66.60%,"1,577",81.70%,"1,386",74.30%,"2,006",83.50%,"1,914",40.30%,231,15.00%,418,14.60%,"1,148",59.10%,"1,706",80.40%,"1,297",77.70%,"1,798",49.00%,"2,452",55.10%,542,27.30%,643,25.40%,58,2.00%,150,2.50%,192,3.70%,82,2.80%,103,2.80%,138,3.40%,109,4.50%,97,4.50%,107,5.20%,244,5.20%,64,2.70%,131,3.80%,434,10.40%,205,7.30%,159,5.20%,527,8.90%,889,22.80%,267,7.10%,236,5.10%,338,7.30%,261,6.00%,108,4.20%,443,7.40%,173,4.20%,201,2.80%,42,1.00%,262,4.00%,105,2.10%,106,2.50%,238,3.90%,61,1.50%,74,1.40%,93,1.80%,61,5.10%,72,2.10%,195,4.50%,302,8.10%,229,4.30%,84,4.10%,89,3.10%,323,12.90%,252,6.10%,130,2.80%,117,3.90%,92,4.10%,288,5.30%,230,4.70%,292,9.10%,352,7.80%,68,3.10%,181,6.60%,427,11.70%,540,12.50%,334,10.90%,215,8.90%,210,5.30%,979,18.80%,375,6.10%,118,3.60%,179,9.10%,86,1.90%,214,3.60%,141,4.20%,126,2.70%,86,3.10%,167,2.80%,58,2.10%,47,2.30%,46,2.90%,19,0.80%,107,2.30%,94,1.90%,69,2.00%,22,0.80%,131,5.30%,312,14.60%,759,9.40%,365,9.10%,9,0.50%,61,1.40%,25,0.50%,19,0.80%,9,0.60%,22,0.90%,36,1.30%,30,1.50%,4,0.50%,"52,574",35.40%
        American Indian and Alaska Native alone or in combination with one or more other races,21,2.00%,155,4.30%,43,2.70%,94,2.50%,80,3.20%,145,4.00%,69,3.60%,105,3.60%,60,1.90%,161,4.00%,82,2.50%,101,3.60%,87,2.70%,110,4.50%,85,3.30%,83,3.10%,119,3.10%,104,4.80%,184,6.60%,64,3.80%,58,3.20%,63,3.50%,78,3.00%,64,3.00%,56,1.60%,32,1.20%,56,2.30%,72,3.10%,47,2.20%,104,4.40%,158,4.90%,74,5.50%,35,1.60%,28,1.50%,70,0.90%,36,1.00%,41,1.50%,68,1.30%,24,1.80%,53,3.40%,57,2.20%,90,3.90%,35,1.80%,33,1.80%,74,3.10%,88,1.90%,15,1.00%,8,0.30%,83,4.30%,71,3.30%,39,2.30%,188,5.10%,142,3.20%,51,2.60%,139,5.50%,55,1.90%,134,2.20%,110,2.10%,80,2.80%,76,2.00%,100,2.50%,26,1.10%,56,2.60%,78,3.80%,140,3.00%,42,1.80%,57,1.70%,61,1.50%,59,2.10%,70,2.30%,116,2.00%,109,2.80%,116,3.10%,42,0.90%,79,1.70%,74,1.70%,83,3.20%,117,1.90%,67,1.60%,96,1.30%,95,2.30%,105,1.60%,90,1.80%,76,1.80%,172,2.80%,110,2.70%,144,2.60%,88,1.70%,20,1.70%,26,0.80%,92,2.10%,88,2.30%,93,1.70%,54,2.70%,68,2.40%,141,5.60%,128,3.10%,65,1.40%,53,1.80%,52,2.30%,88,1.60%,50,1.00%,103,3.20%,125,2.80%,37,1.70%,103,3.80%,131,3.60%,134,3.10%,128,4.20%,64,2.60%,94,2.40%,122,2.30%,50,0.80%,52,1.60%,85,4.30%,48,1.00%,81,1.40%,47,1.40%,65,1.40%,35,1.30%,118,2.00%,36,1.30%,51,2.50%,33,2.10%,56,2.40%,68,1.40%,198,4.00%,98,2.90%,72,2.60%,44,1.80%,235,11.00%,198,2.40%,79,2.00%,42,2.40%,56,1.30%,76,1.60%,21,0.90%,18,1.10%,68,2.90%,56,2.10%,51,2.50%,290,34.90%,"4,282",2.90%
        Asian alone or in combination with one or more other races,61,5.80%,477,13.10%,225,14.40%,396,10.60%,518,21.00%,724,19.80%,412,21.80%,493,16.90%,205,6.60%,162,4.00%,"1,074",33.30%,535,19.20%,132,4.00%,153,6.20%,109,4.20%,128,4.70%,119,3.10%,10,0.50%,55,2.00%,171,10.30%,162,8.80%,24,1.30%,53,2.00%,30,1.40%,596,17.20%,555,20.80%,201,8.20%,51,2.20%,114,5.30%,23,1.00%,37,1.20%,22,1.60%,12,0.50%,69,3.60%,857,11.30%,399,11.40%,491,17.60%,193,3.70%,25,1.90%,47,3.00%,59,2.30%,11,0.50%,17,0.90%,18,1.00%,8,0.30%,538,11.30%,136,8.80%,195,6.80%,30,1.50%,13,0.60%,17,1.00%,44,1.20%,30,0.70%,431,21.70%,58,2.30%,42,1.50%,115,1.90%,142,2.70%,105,3.60%,122,3.30%,90,2.20%,50,2.10%,51,2.40%,52,2.50%,92,2.00%,57,2.40%,253,7.30%,403,9.70%,87,3.10%,83,2.70%,247,4.20%,174,4.50%,74,2.00%,222,4.80%,160,3.40%,188,4.30%,95,3.70%,305,5.10%,185,4.50%,149,2.10%,40,1.00%,132,2.00%,95,1.90%,114,2.70%,78,1.30%,85,2.10%,46,0.80%,70,1.30%,11,0.90%,92,2.70%,123,2.80%,159,4.20%,126,2.40%,27,1.30%,22,0.80%,33,1.30%,70,1.70%,67,1.50%,53,1.80%,18,0.80%,213,3.90%,388,8.00%,220,6.80%,297,6.60%,83,3.80%,102,3.70%,181,5.00%,350,8.10%,64,2.10%,109,4.50%,264,6.60%,319,6.10%,667,10.90%,235,7.20%,118,6.00%,296,6.40%,332,5.60%,269,8.10%,641,13.60%,285,10.30%,98,1.60%,77,2.80%,23,1.10%,85,5.40%,26,1.10%,409,8.60%,66,1.30%,37,1.10%,39,1.40%,466,18.80%,29,1.40%,224,2.80%,68,1.70%,19,1.10%,44,1.00%,96,2.10%,35,1.40%,18,1.10%,30,1.30%,44,1.60%,20,1.00%,2,0.20%,"11,726",7.90%
        Native Hawaiian and Other Pacific Islander alone or in combination with one or more other races,5,0.50%,1,0.00%,6,0.40%,5,0.10%,1,0.00%,12,0.30%,4,0.20%,11,0.40%,0,0.00%,13,0.30%,1,0.00%,3,0.10%,14,0.40%,5,0.20%,2,0.10%,3,0.10%,1,0.00%,0,0.00%,9,0.30%,6,0.40%,4,0.20%,6,0.30%,8,0.30%,3,0.10%,5,0.10%,8,0.30%,5,0.20%,5,0.20%,6,0.30%,1,0.00%,18,0.60%,1,0.10%,4,0.20%,3,0.20%,4,0.10%,1,0.00%,7,0.30%,7,0.10%,6,0.40%,3,0.20%,0,0.00%,2,0.10%,5,0.30%,2,0.10%,0,0.00%,25,0.50%,3,0.20%,42,1.50%,5,0.30%,0,0.00%,8,0.50%,6,0.20%,12,0.30%,0,0.00%,9,0.40%,4,0.10%,0,0.00%,7,0.10%,0,0.00%,3,0.10%,1,0.00%,0,0.00%,3,0.10%,3,0.10%,5,0.10%,3,0.10%,1,0.00%,5,0.10%,3,0.10%,9,0.30%,6,0.10%,19,0.50%,8,0.20%,1,0.00%,6,0.10%,7,0.20%,4,0.20%,3,0.00%,2,0.00%,9,0.10%,10,0.20%,5,0.10%,2,0.00%,7,0.20%,11,0.20%,1,0.00%,3,0.10%,3,0.10%,1,0.10%,2,0.10%,5,0.10%,11,0.30%,0,0.00%,2,0.10%,2,0.10%,10,0.40%,2,0.00%,4,0.10%,1,0.00%,7,0.30%,5,0.10%,2,0.00%,12,0.40%,1,0.00%,10,0.50%,8,0.30%,10,0.30%,6,0.10%,4,0.10%,4,0.20%,6,0.20%,13,0.20%,8,0.10%,8,0.20%,3,0.20%,3,0.10%,5,0.10%,2,0.10%,5,0.10%,2,0.10%,4,0.10%,2,0.10%,0,0.00%,4,0.30%,2,0.10%,8,0.20%,0,0.00%,7,0.20%,4,0.10%,6,0.20%,5,0.20%,3,0.00%,5,0.10%,3,0.20%,1,0.00%,15,0.30%,0,0.00%,0,0.00%,3,0.10%,0,0.00%,7,0.30%,0,0.00%,326,0.20%
        Some Other Race alone or in combination with one or more other races,44,4.20%,235,6.50%,94,6.00%,208,5.60%,185,7.50%,215,5.90%,139,7.30%,194,6.70%,159,5.10%,333,8.30%,151,4.70%,157,5.60%,240,7.30%,254,10.30%,186,7.20%,163,6.00%,250,6.50%,148,6.80%,258,9.30%,115,6.90%,260,14.20%,91,5.00%,107,4.10%,537,25.10%,225,6.50%,178,6.70%,318,13.00%,320,13.80%,224,10.50%,458,19.30%,573,18.00%,262,19.50%,382,17.20%,229,12.00%,583,7.70%,203,5.80%,171,6.10%,278,5.40%,56,4.10%,150,9.70%,206,7.90%,232,10.10%,171,8.90%,153,8.20%,130,5.40%,278,5.80%,73,4.70%,146,5.10%,126,6.50%,108,5.10%,144,8.60%,254,6.90%,179,4.00%,99,5.00%,123,4.90%,91,3.20%,272,4.50%,158,3.00%,85,2.90%,137,3.70%,106,2.60%,83,3.50%,97,4.50%,83,4.10%,210,4.50%,65,2.80%,104,3.00%,155,3.70%,105,3.70%,121,3.90%,208,3.50%,215,5.50%,142,3.80%,159,3.40%,187,4.00%,146,3.40%,58,2.20%,221,3.70%,126,3.00%,219,3.00%,138,3.30%,245,3.70%,191,3.80%,141,3.40%,221,3.60%,129,3.20%,171,3.10%,135,2.60%,52,4.40%,99,2.90%,152,3.50%,132,3.50%,111,2.10%,68,3.30%,77,2.70%,143,5.70%,198,4.80%,138,3.00%,65,2.20%,62,2.70%,176,3.20%,131,2.70%,153,4.70%,214,4.70%,55,2.50%,116,4.20%,185,5.10%,202,4.70%,172,5.60%,93,3.80%,124,3.10%,298,5.70%,185,3.00%,102,3.10%,54,2.70%,173,3.80%,159,2.70%,131,3.90%,170,3.60%,92,3.30%,204,3.40%,58,2.10%,53,2.60%,70,4.50%,82,3.50%,165,3.50%,107,2.20%,101,3.00%,61,2.20%,101,4.10%,90,4.20%,253,3.10%,154,3.80%,45,2.50%,110,2.60%,114,2.40%,93,3.80%,39,2.50%,77,3.30%,55,2.10%,69,3.40%,85,10.20%,"11,754",7.90%
HISPANIC OR LATINO,,,,,,,,,,,,,,,,,,,,,,,,,,,,,,,,,,,,,,,,,,,,,,,,,,,,,,,,,,,,,,,,,,,,,,,,,,,,,,,,,,,,,,,,,,,,,,,,,,,,,,,,,,,,,,,,,,,,,,,,,,,,,,,,,,,,,,,,,,,,,,,,,,,,,,,,,,,,,,,,,,,,,,,,,,,,,,,,,,,,,,,,,,,,,,,,,,,,,,,,,,,,,,,,,,,,,,,,,,,,,,,,,,,,,,,,,,,,,,,,,,,,,,,,,,,,,,,,,,,,,,,,,,,,,,,,,,,,,,,,,,,,,,
    Total population,"1,049",100.00%,"3,642",100.00%,"1,565",100.00%,"3,720",100.00%,"2,471",100.00%,"3,664",100.00%,"1,892",100.00%,"2,913",100.00%,"3,120",100.00%,"4,023",100.00%,"3,225",100.00%,"2,781",100.00%,"3,270",100.00%,"2,460",100.00%,"2,572",100.00%,"2,713",100.00%,"3,824",100.00%,"2,171",100.00%,"2,789",100.00%,"1,665",100.00%,"1,837",100.00%,"1,819",100.00%,"2,628",100.00%,"2,137",100.00%,"3,465",100.00%,"2,673",100.00%,"2,452",100.00%,"2,312",100.00%,"2,132",100.00%,"2,377",100.00%,"3,192",100.00%,"1,341",100.00%,"2,226",100.00%,"1,911",100.00%,"7,606",100.00%,"3,508",100.00%,"2,795",100.00%,"5,150",100.00%,"1,351",100.00%,"1,554",100.00%,"2,617",100.00%,"2,287",100.00%,"1,930",100.00%,"1,866",100.00%,"2,403",100.00%,"4,754",100.00%,"1,539",100.00%,"2,869",100.00%,"1,941",100.00%,"2,121",100.00%,"1,669",100.00%,"3,667",100.00%,"4,451",100.00%,"1,984",100.00%,"2,533",100.00%,"2,854",100.00%,"6,086",100.00%,"5,233",100.00%,"2,901",100.00%,"3,722",100.00%,"4,028",100.00%,"2,400",100.00%,"2,170",100.00%,"2,041",100.00%,"4,703",100.00%,"2,331",100.00%,"3,445",100.00%,"4,157",100.00%,"2,821",100.00%,"3,081",100.00%,"5,914",100.00%,"3,906",100.00%,"3,775",100.00%,"4,670",100.00%,"4,650",100.00%,"4,322",100.00%,"2,586",100.00%,"6,014",100.00%,"4,152",100.00%,"7,253",100.00%,"4,160",100.00%,"6,573",100.00%,"5,088",100.00%,"4,199",100.00%,"6,165",100.00%,"4,003",100.00%,"5,476",100.00%,"5,202",100.00%,"1,188",100.00%,"3,431",100.00%,"4,379",100.00%,"3,749",100.00%,"5,334",100.00%,"2,036",100.00%,"2,872",100.00%,"2,508",100.00%,"4,137",100.00%,"4,598",100.00%,"3,004",100.00%,"2,256",100.00%,"5,482",100.00%,"4,876",100.00%,"3,222",100.00%,"4,510",100.00%,"2,169",100.00%,"2,741",100.00%,"3,642",100.00%,"4,315",100.00%,"3,078",100.00%,"2,428",100.00%,"3,974",100.00%,"5,212",100.00%,"6,123",100.00%,"3,282",100.00%,"1,977",100.00%,"4,604",100.00%,"5,913",100.00%,"3,339",100.00%,"4,724",100.00%,"2,763",100.00%,"5,952",100.00%,"2,780",100.00%,"2,074",100.00%,"1,563",100.00%,"2,345",100.00%,"4,735",100.00%,"4,910",100.00%,"3,373",100.00%,"2,820",100.00%,"2,478",100.00%,"2,132",100.00%,"8,108",100.00%,"4,026",100.00%,"1,782",100.00%,"4,284",100.00%,"4,656",100.00%,"2,456",100.00%,"1,588",100.00%,"2,368",100.00%,"2,676",100.00%,"2,006",100.00%,831,100.00%,"148,620",100.00%
        Hispanic or Latino (of any race),50,4.80%,321,8.80%,116,7.40%,247,6.60%,251,10.20%,300,8.20%,182,9.60%,306,10.50%,213,6.80%,382,9.50%,200,6.20%,221,7.90%,309,9.40%,336,13.70%,255,9.90%,205,7.60%,243,6.40%,272,12.50%,378,13.60%,141,8.50%,316,17.20%,144,7.90%,192,7.30%,768,35.90%,274,7.90%,233,8.70%,423,17.30%,404,17.50%,282,13.20%,613,25.80%,860,26.90%,435,32.40%,531,23.90%,297,15.50%,785,10.30%,224,6.40%,210,7.50%,274,5.30%,54,4.00%,213,13.70%,238,9.10%,367,16.00%,239,12.40%,178,9.50%,200,8.30%,309,6.50%,61,4.00%,244,8.50%,181,9.30%,185,8.70%,213,12.80%,336,9.20%,184,4.10%,113,5.70%,118,4.70%,72,2.50%,167,2.70%,140,2.70%,63,2.20%,108,2.90%,76,1.90%,52,2.20%,93,4.30%,77,3.80%,237,5.00%,61,2.60%,88,2.60%,156,3.80%,114,4.00%,113,3.70%,219,3.70%,301,7.70%,146,3.90%,166,3.60%,183,3.90%,144,3.30%,61,2.40%,215,3.60%,120,2.90%,232,3.20%,88,2.10%,189,2.90%,182,3.60%,134,3.20%,187,3.00%,99,2.50%,149,2.70%,124,2.40%,47,4.00%,112,3.30%,145,3.30%,157,4.20%,128,2.40%,77,3.80%,62,2.20%,212,8.50%,261,6.30%,143,3.10%,76,2.50%,77,3.40%,178,3.20%,137,2.80%,177,5.50%,222,4.90%,56,2.60%,135,4.90%,218,6.00%,231,5.40%,158,5.10%,114,4.70%,135,3.40%,359,6.90%,149,2.40%,104,3.20%,50,2.50%,113,2.50%,135,2.30%,127,3.80%,162,3.40%,86,3.10%,177,3.00%,51,1.80%,44,2.10%,58,3.70%,67,2.90%,116,2.40%,88,1.80%,77,2.30%,52,1.80%,72,2.90%,101,4.70%,308,3.80%,155,3.80%,33,1.90%,68,1.60%,86,1.80%,78,3.20%,18,1.10%,44,1.90%,52,1.90%,46,2.30%,56,6.70%,"15,625",10.50%
        Not Hispanic or Latino,999,95.20%,"3,321",91.20%,"1,449",92.60%,"3,473",93.40%,"2,220",89.80%,"3,364",91.80%,"1,710",90.40%,"2,607",89.50%,"2,907",93.20%,"3,641",90.50%,"3,025",93.80%,"2,560",92.10%,"2,961",90.60%,"2,124",86.30%,"2,317",90.10%,"2,508",92.40%,"3,581",93.60%,"1,899",87.50%,"2,411",86.40%,"1,524",91.50%,"1,521",82.80%,"1,675",92.10%,"2,436",92.70%,"1,369",64.10%,"3,191",92.10%,"2,440",91.30%,"2,029",82.70%,"1,908",82.50%,"1,850",86.80%,"1,764",74.20%,"2,332",73.10%,906,67.60%,"1,695",76.10%,"1,614",84.50%,"6,821",89.70%,"3,284",93.60%,"2,585",92.50%,"4,876",94.70%,"1,297",96.00%,"1,341",86.30%,"2,379",90.90%,"1,920",84.00%,"1,691",87.60%,"1,688",90.50%,"2,203",91.70%,"4,445",93.50%,"1,478",96.00%,"2,625",91.50%,"1,760",90.70%,"1,936",91.30%,"1,456",87.20%,"3,331",90.80%,"4,267",95.90%,"1,871",94.30%,"2,415",95.30%,"2,782",97.50%,"5,919",97.30%,"5,093",97.30%,"2,838",97.80%,"3,614",97.10%,"3,952",98.10%,"2,348",97.80%,"2,077",95.70%,"1,964",96.20%,"4,466",95.00%,"2,270",97.40%,"3,357",97.40%,"4,001",96.20%,"2,707",96.00%,"2,968",96.30%,"5,695",96.30%,"3,605",92.30%,"3,629",96.10%,"4,504",96.40%,"4,467",96.10%,"4,178",96.70%,"2,525",97.60%,"5,799",96.40%,"4,032",97.10%,"7,021",96.80%,"4,072",97.90%,"6,384",97.10%,"4,906",96.40%,"4,065",96.80%,"5,978",97.00%,"3,904",97.50%,"5,327",97.30%,"5,078",97.60%,"1,141",96.00%,"3,319",96.70%,"4,234",96.70%,"3,592",95.80%,"5,206",97.60%,"1,959",96.20%,"2,810",97.80%,"2,296",91.50%,"3,876",93.70%,"4,455",96.90%,"2,928",97.50%,"2,179",96.60%,"5,304",96.80%,"4,739",97.20%,"3,045",94.50%,"4,288",95.10%,"2,113",97.40%,"2,606",95.10%,"3,424",94.00%,"4,084",94.60%,"2,920",94.90%,"2,314",95.30%,"3,839",96.60%,"4,853",93.10%,"5,974",97.60%,"3,178",96.80%,"1,927",97.50%,"4,491",97.50%,"5,778",97.70%,"3,212",96.20%,"4,562",96.60%,"2,677",96.90%,"5,775",97.00%,"2,729",98.20%,"2,030",97.90%,"1,505",96.30%,"2,278",97.10%,"4,619",97.60%,"4,822",98.20%,"3,296",97.70%,"2,768",98.20%,"2,406",97.10%,"2,031",95.30%,"7,800",96.20%,"3,871",96.20%,"1,749",98.10%,"4,216",98.40%,"4,570",98.20%,"2,378",96.80%,"1,570",98.90%,"2,324",98.10%,"2,624",98.10%,"1,960",97.70%,775,93.30%,"132,995",89.50%
HISPANIC OR LATINO BY RACE,,,,,,,,,,,,,,,,,,,,,,,,,,,,,,,,,,,,,,,,,,,,,,,,,,,,,,,,,,,,,,,,,,,,,,,,,,,,,,,,,,,,,,,,,,,,,,,,,,,,,,,,,,,,,,,,,,,,,,,,,,,,,,,,,,,,,,,,,,,,,,,,,,,,,,,,,,,,,,,,,,,,,,,,,,,,,,,,,,,,,,,,,,,,,,,,,,,,,,,,,,,,,,,,,,,,,,,,,,,,,,,,,,,,,,,,,,,,,,,,,,,,,,,,,,,,,,,,,,,,,,,,,,,,,,,,,,,,,,,,,,,,,,
    Total population,"1,049",100.00%,"3,642",100.00%,"1,565",100.00%,"3,720",100.00%,"2,471",100.00%,"3,664",100.00%,"1,892",100.00%,"2,913",100.00%,"3,120",100.00%,"4,023",100.00%,"3,225",100.00%,"2,781",100.00%,"3,270",100.00%,"2,460",100.00%,"2,572",100.00%,"2,713",100.00%,"3,824",100.00%,"2,171",100.00%,"2,789",100.00%,"1,665",100.00%,"1,837",100.00%,"1,819",100.00%,"2,628",100.00%,"2,137",100.00%,"3,465",100.00%,"2,673",100.00%,"2,452",100.00%,"2,312",100.00%,"2,132",100.00%,"2,377",100.00%,"3,192",100.00%,"1,341",100.00%,"2,226",100.00%,"1,911",100.00%,"7,606",100.00%,"3,508",100.00%,"2,795",100.00%,"5,150",100.00%,"1,351",100.00%,"1,554",100.00%,"2,617",100.00%,"2,287",100.00%,"1,930",100.00%,"1,866",100.00%,"2,403",100.00%,"4,754",100.00%,"1,539",100.00%,"2,869",100.00%,"1,941",100.00%,"2,121",100.00%,"1,669",100.00%,"3,667",100.00%,"4,451",100.00%,"1,984",100.00%,"2,533",100.00%,"2,854",100.00%,"6,086",100.00%,"5,233",100.00%,"2,901",100.00%,"3,722",100.00%,"4,028",100.00%,"2,400",100.00%,"2,170",100.00%,"2,041",100.00%,"4,703",100.00%,"2,331",100.00%,"3,445",100.00%,"4,157",100.00%,"2,821",100.00%,"3,081",100.00%,"5,914",100.00%,"3,906",100.00%,"3,775",100.00%,"4,670",100.00%,"4,650",100.00%,"4,322",100.00%,"2,586",100.00%,"6,014",100.00%,"4,152",100.00%,"7,253",100.00%,"4,160",100.00%,"6,573",100.00%,"5,088",100.00%,"4,199",100.00%,"6,165",100.00%,"4,003",100.00%,"5,476",100.00%,"5,202",100.00%,"1,188",100.00%,"3,431",100.00%,"4,379",100.00%,"3,749",100.00%,"5,334",100.00%,"2,036",100.00%,"2,872",100.00%,"2,508",100.00%,"4,137",100.00%,"4,598",100.00%,"3,004",100.00%,"2,256",100.00%,"5,482",100.00%,"4,876",100.00%,"3,222",100.00%,"4,510",100.00%,"2,169",100.00%,"2,741",100.00%,"3,642",100.00%,"4,315",100.00%,"3,078",100.00%,"2,428",100.00%,"3,974",100.00%,"5,212",100.00%,"6,123",100.00%,"3,282",100.00%,"1,977",100.00%,"4,604",100.00%,"5,913",100.00%,"3,339",100.00%,"4,724",100.00%,"2,763",100.00%,"5,952",100.00%,"2,780",100.00%,"2,074",100.00%,"1,563",100.00%,"2,345",100.00%,"4,735",100.00%,"4,910",100.00%,"3,373",100.00%,"2,820",100.00%,"2,478",100.00%,"2,132",100.00%,"8,108",100.00%,"4,026",100.00%,"1,782",100.00%,"4,284",100.00%,"4,656",100.00%,"2,456",100.00%,"1,588",100.00%,"2,368",100.00%,"2,676",100.00%,"2,006",100.00%,831,100.00%,"148,620",100.00%
        Hispanic or Latino,50,4.80%,321,8.80%,116,7.40%,247,6.60%,251,10.20%,300,8.20%,182,9.60%,306,10.50%,213,6.80%,382,9.50%,200,6.20%,221,7.90%,309,9.40%,336,13.70%,255,9.90%,205,7.60%,243,6.40%,272,12.50%,378,13.60%,141,8.50%,316,17.20%,144,7.90%,192,7.30%,768,35.90%,274,7.90%,233,8.70%,423,17.30%,404,17.50%,282,13.20%,613,25.80%,860,26.90%,435,32.40%,531,23.90%,297,15.50%,785,10.30%,224,6.40%,210,7.50%,274,5.30%,54,4.00%,213,13.70%,238,9.10%,367,16.00%,239,12.40%,178,9.50%,200,8.30%,309,6.50%,61,4.00%,244,8.50%,181,9.30%,185,8.70%,213,12.80%,336,9.20%,184,4.10%,113,5.70%,118,4.70%,72,2.50%,167,2.70%,140,2.70%,63,2.20%,108,2.90%,76,1.90%,52,2.20%,93,4.30%,77,3.80%,237,5.00%,61,2.60%,88,2.60%,156,3.80%,114,4.00%,113,3.70%,219,3.70%,301,7.70%,146,3.90%,166,3.60%,183,3.90%,144,3.30%,61,2.40%,215,3.60%,120,2.90%,232,3.20%,88,2.10%,189,2.90%,182,3.60%,134,3.20%,187,3.00%,99,2.50%,149,2.70%,124,2.40%,47,4.00%,112,3.30%,145,3.30%,157,4.20%,128,2.40%,77,3.80%,62,2.20%,212,8.50%,261,6.30%,143,3.10%,76,2.50%,77,3.40%,178,3.20%,137,2.80%,177,5.50%,222,4.90%,56,2.60%,135,4.90%,218,6.00%,231,5.40%,158,5.10%,114,4.70%,135,3.40%,359,6.90%,149,2.40%,104,3.20%,50,2.50%,113,2.50%,135,2.30%,127,3.80%,162,3.40%,86,3.10%,177,3.00%,51,1.80%,44,2.10%,58,3.70%,67,2.90%,116,2.40%,88,1.80%,77,2.30%,52,1.80%,72,2.90%,101,4.70%,308,3.80%,155,3.80%,33,1.90%,68,1.60%,86,1.80%,78,3.20%,18,1.10%,44,1.90%,52,1.90%,46,2.30%,56,6.70%,"15,625",10.50%
            White alone,18,1.70%,65,1.80%,27,1.70%,41,1.10%,55,2.20%,58,1.60%,37,2.00%,70,2.40%,33,1.10%,71,1.80%,33,1.00%,46,1.70%,67,2.00%,55,2.20%,66,2.60%,43,1.60%,42,1.10%,88,4.10%,80,2.90%,23,1.40%,47,2.60%,45,2.50%,64,2.40%,92,4.30%,79,2.30%,36,1.30%,55,2.20%,41,1.80%,14,0.70%,79,3.30%,166,5.20%,88,6.60%,97,4.40%,53,2.80%,212,2.80%,53,1.50%,51,1.80%,42,0.80%,15,1.10%,43,2.80%,47,1.80%,72,3.10%,45,2.30%,34,1.80%,21,0.90%,41,0.90%,10,0.60%,108,3.80%,27,1.40%,42,2.00%,25,1.50%,52,1.40%,17,0.40%,19,1.00%,19,0.80%,13,0.50%,52,0.90%,53,1.00%,19,0.70%,45,1.20%,26,0.60%,2,0.10%,25,1.20%,27,1.30%,72,1.50%,17,0.70%,29,0.80%,41,1.00%,40,1.40%,39,1.30%,62,1.00%,71,1.80%,48,1.30%,52,1.10%,42,0.90%,43,1.00%,19,0.70%,62,1.00%,42,1.00%,83,1.10%,17,0.40%,41,0.60%,43,0.80%,47,1.10%,61,1.00%,15,0.40%,45,0.80%,36,0.70%,14,1.20%,37,1.10%,24,0.50%,42,1.10%,41,0.80%,24,1.20%,11,0.40%,52,2.10%,88,2.10%,55,1.20%,24,0.80%,30,1.30%,43,0.80%,40,0.80%,47,1.50%,71,1.60%,25,1.20%,46,1.70%,37,1.00%,39,0.90%,39,1.30%,31,1.30%,38,1.00%,61,1.20%,41,0.70%,25,0.80%,14,0.70%,22,0.50%,42,0.70%,31,0.90%,33,0.70%,25,0.90%,60,1.00%,10,0.40%,9,0.40%,16,1.00%,19,0.80%,28,0.60%,31,0.60%,19,0.60%,11,0.40%,19,0.80%,23,1.10%,67,0.80%,31,0.80%,3,0.20%,20,0.50%,27,0.60%,12,0.50%,5,0.30%,6,0.30%,25,0.90%,7,0.30%,4,0.50%,"2,969",2.00%
            Black or African American alone,3,0.30%,41,1.10%,10,0.60%,22,0.60%,39,1.60%,30,0.80%,25,1.30%,31,1.10%,42,1.30%,41,1.00%,29,0.90%,25,0.90%,35,1.10%,31,1.30%,34,1.30%,19,0.70%,23,0.60%,37,1.70%,64,2.30%,36,2.20%,21,1.10%,17,0.90%,32,1.20%,113,5.30%,23,0.70%,27,1.00%,74,3.00%,70,3.00%,29,1.40%,76,3.20%,100,3.10%,55,4.10%,80,3.60%,27,1.40%,64,0.80%,3,0.10%,19,0.70%,26,0.50%,0,0.00%,30,1.90%,32,1.20%,75,3.30%,46,2.40%,22,1.20%,59,2.50%,55,1.20%,1,0.10%,3,0.10%,25,1.30%,25,1.20%,59,3.50%,52,1.40%,48,1.10%,10,0.50%,5,0.20%,0,0.00%,3,0.00%,4,0.10%,1,0.00%,4,0.10%,1,0.00%,7,0.30%,0,0.00%,1,0.00%,9,0.20%,2,0.10%,0,0.00%,12,0.30%,8,0.30%,9,0.30%,17,0.30%,43,1.10%,8,0.20%,7,0.10%,14,0.30%,5,0.10%,3,0.10%,6,0.10%,0,0.00%,0,0.00%,1,0.00%,5,0.10%,5,0.10%,5,0.10%,13,0.20%,0,0.00%,0,0.00%,2,0.00%,4,0.30%,4,0.10%,5,0.10%,11,0.30%,6,0.10%,3,0.10%,1,0.00%,26,1.00%,9,0.20%,6,0.10%,3,0.10%,0,0.00%,7,0.10%,2,0.00%,2,0.10%,4,0.10%,1,0.00%,4,0.10%,24,0.70%,13,0.30%,12,0.40%,7,0.30%,4,0.10%,36,0.70%,1,0.00%,6,0.20%,4,0.20%,3,0.10%,13,0.20%,2,0.10%,0,0.00%,1,0.00%,4,0.10%,0,0.00%,1,0.00%,0,0.00%,0,0.00%,0,0.00%,3,0.10%,0,0.00%,1,0.00%,2,0.10%,7,0.30%,54,0.70%,16,0.40%,2,0.10%,0,0.00%,2,0.00%,1,0.00%,2,0.10%,3,0.10%,0,0.00%,0,0.00%,0,0.00%,"2,020",1.40%
            American Indian and Alaska Native alone,0,0.00%,10,0.30%,3,0.20%,7,0.20%,5,0.20%,13,0.40%,5,0.30%,7,0.20%,1,0.00%,10,0.20%,3,0.10%,8,0.30%,5,0.20%,14,0.60%,4,0.20%,4,0.10%,4,0.10%,0,0.00%,7,0.30%,5,0.30%,2,0.10%,0,0.00%,2,0.10%,11,0.50%,2,0.10%,1,0.00%,6,0.20%,1,0.00%,2,0.10%,9,0.40%,15,0.50%,7,0.50%,6,0.30%,1,0.10%,0,0.00%,0,0.00%,6,0.20%,7,0.10%,3,0.20%,2,0.10%,0,0.00%,4,0.20%,5,0.30%,0,0.00%,2,0.10%,5,0.10%,0,0.00%,3,0.10%,8,0.40%,3,0.10%,2,0.10%,3,0.10%,0,0.00%,1,0.10%,4,0.20%,1,0.00%,0,0.00%,5,0.10%,4,0.10%,1,0.00%,3,0.10%,0,0.00%,0,0.00%,0,0.00%,0,0.00%,0,0.00%,0,0.00%,5,0.10%,2,0.10%,0,0.00%,10,0.20%,2,0.10%,3,0.10%,0,0.00%,0,0.00%,7,0.20%,3,0.10%,0,0.00%,4,0.10%,0,0.00%,0,0.00%,0,0.00%,0,0.00%,0,0.00%,5,0.10%,6,0.10%,1,0.00%,5,0.10%,1,0.10%,0,0.00%,4,0.10%,0,0.00%,4,0.10%,0,0.00%,0,0.00%,12,0.50%,1,0.00%,1,0.00%,1,0.00%,1,0.00%,5,0.10%,0,0.00%,7,0.20%,0,0.00%,0,0.00%,0,0.00%,3,0.10%,11,0.30%,0,0.00%,4,0.20%,5,0.10%,8,0.20%,2,0.00%,1,0.00%,0,0.00%,0,0.00%,3,0.10%,7,0.20%,0,0.00%,1,0.00%,1,0.00%,0,0.00%,1,0.00%,0,0.00%,1,0.00%,0,0.00%,0,0.00%,3,0.10%,3,0.10%,3,0.10%,0,0.00%,9,0.10%,1,0.00%,0,0.00%,0,0.00%,7,0.20%,2,0.10%,1,0.10%,1,0.00%,0,0.00%,0,0.00%,4,0.50%,238,0.20%
            Asian alone,0,0.00%,0,0.00%,0,0.00%,0,0.00%,0,0.00%,0,0.00%,0,0.00%,11,0.40%,0,0.00%,1,0.00%,1,0.00%,0,0.00%,0,0.00%,1,0.00%,0,0.00%,2,0.10%,0,0.00%,0,0.00%,4,0.10%,2,0.10%,1,0.10%,0,0.00%,0,0.00%,0,0.00%,2,0.10%,2,0.10%,0,0.00%,0,0.00%,8,0.40%,2,0.10%,5,0.20%,2,0.10%,1,0.00%,0,0.00%,0,0.00%,1,0.00%,2,0.10%,0,0.00%,0,0.00%,0,0.00%,0,0.00%,1,0.00%,0,0.00%,0,0.00%,0,0.00%,0,0.00%,0,0.00%,1,0.00%,0,0.00%,0,0.00%,1,0.10%,0,0.00%,2,0.00%,2,0.10%,2,0.10%,1,0.00%,0,0.00%,0,0.00%,0,0.00%,1,0.00%,1,0.00%,0,0.00%,2,0.10%,0,0.00%,0,0.00%,0,0.00%,0,0.00%,0,0.00%,0,0.00%,0,0.00%,4,0.10%,1,0.00%,1,0.00%,7,0.10%,1,0.00%,0,0.00%,0,0.00%,0,0.00%,3,0.10%,0,0.00%,2,0.00%,1,0.00%,1,0.00%,0,0.00%,0,0.00%,0,0.00%,0,0.00%,0,0.00%,0,0.00%,2,0.10%,0,0.00%,0,0.00%,0,0.00%,0,0.00%,0,0.00%,0,0.00%,3,0.10%,0,0.00%,0,0.00%,0,0.00%,0,0.00%,1,0.00%,0,0.00%,2,0.00%,0,0.00%,0,0.00%,0,0.00%,0,0.00%,2,0.10%,3,0.10%,3,0.10%,0,0.00%,0,0.00%,1,0.00%,0,0.00%,1,0.00%,1,0.00%,2,0.10%,4,0.10%,0,0.00%,3,0.10%,0,0.00%,0,0.00%,0,0.00%,0,0.00%,0,0.00%,2,0.00%,0,0.00%,0,0.00%,0,0.00%,0,0.00%,0,0.00%,0,0.00%,0,0.00%,0,0.00%,0,0.00%,1,0.00%,2,0.10%,0,0.00%,0,0.00%,0,0.00%,0,0.00%,57,0.00%
            Native Hawaiian and Other Pacific Islander alone,0,0.00%,1,0.00%,0,0.00%,0,0.00%,0,0.00%,0,0.00%,0,0.00%,0,0.00%,0,0.00%,0,0.00%,0,0.00%,0,0.00%,0,0.00%,1,0.00%,0,0.00%,0,0.00%,0,0.00%,0,0.00%,2,0.10%,1,0.10%,0,0.00%,1,0.10%,0,0.00%,0,0.00%,0,0.00%,0,0.00%,0,0.00%,0,0.00%,0,0.00%,0,0.00%,0,0.00%,1,0.10%,0,0.00%,0,0.00%,0,0.00%,0,0.00%,0,0.00%,0,0.00%,0,0.00%,0,0.00%,0,0.00%,0,0.00%,0,0.00%,1,0.10%,0,0.00%,0,0.00%,0,0.00%,2,0.10%,0,0.00%,0,0.00%,0,0.00%,0,0.00%,0,0.00%,0,0.00%,0,0.00%,0,0.00%,0,0.00%,1,0.00%,0,0.00%,0,0.00%,0,0.00%,0,0.00%,0,0.00%,0,0.00%,1,0.00%,0,0.00%,0,0.00%,2,0.00%,0,0.00%,0,0.00%,0,0.00%,0,0.00%,0,0.00%,1,0.00%,0,0.00%,0,0.00%,0,0.00%,0,0.00%,0,0.00%,0,0.00%,0,0.00%,0,0.00%,0,0.00%,0,0.00%,0,0.00%,0,0.00%,0,0.00%,0,0.00%,0,0.00%,0,0.00%,0,0.00%,0,0.00%,0,0.00%,0,0.00%,0,0.00%,0,0.00%,0,0.00%,0,0.00%,0,0.00%,0,0.00%,0,0.00%,0,0.00%,2,0.10%,0,0.00%,0,0.00%,3,0.10%,3,0.10%,2,0.00%,1,0.00%,0,0.00%,0,0.00%,0,0.00%,0,0.00%,0,0.00%,0,0.00%,0,0.00%,0,0.00%,0,0.00%,0,0.00%,0,0.00%,1,0.00%,2,0.10%,0,0.00%,0,0.00%,0,0.00%,0,0.00%,0,0.00%,0,0.00%,0,0.00%,0,0.00%,0,0.00%,0,0.00%,0,0.00%,1,0.10%,0,0.00%,0,0.00%,0,0.00%,0,0.00%,0,0.00%,0,0.00%,2,0.10%,0,0.00%,10,0.00%
            Some Other Race alone,7,0.70%,119,3.30%,28,1.80%,98,2.60%,77,3.10%,109,3.00%,54,2.90%,81,2.80%,35,1.10%,146,3.60%,47,1.50%,56,2.00%,109,3.30%,92,3.70%,63,2.40%,42,1.50%,69,1.80%,67,3.10%,114,4.10%,38,2.30%,117,6.40%,39,2.10%,55,2.10%,359,16.80%,90,2.60%,113,4.20%,190,7.70%,187,8.10%,118,5.50%,240,10.10%,368,11.50%,166,12.40%,203,9.10%,164,8.60%,357,4.70%,68,1.90%,45,1.60%,58,1.10%,12,0.90%,62,4.00%,74,2.80%,129,5.60%,87,4.50%,92,4.90%,74,3.10%,101,2.10%,22,1.40%,98,3.40%,89,4.60%,78,3.70%,70,4.20%,147,4.00%,66,1.50%,35,1.80%,54,2.10%,14,0.50%,37,0.60%,27,0.50%,4,0.10%,23,0.60%,5,0.10%,13,0.50%,31,1.40%,15,0.70%,52,1.10%,13,0.60%,27,0.80%,30,0.70%,12,0.40%,25,0.80%,31,0.50%,79,2.00%,36,1.00%,29,0.60%,41,0.90%,28,0.60%,6,0.20%,54,0.90%,28,0.70%,36,0.50%,19,0.50%,28,0.40%,23,0.50%,29,0.70%,40,0.60%,32,0.80%,33,0.60%,29,0.60%,7,0.60%,21,0.60%,42,1.00%,24,0.60%,20,0.40%,12,0.60%,13,0.50%,45,1.80%,50,1.20%,20,0.40%,21,0.70%,10,0.40%,48,0.90%,40,0.80%,43,1.30%,37,0.80%,3,0.10%,22,0.80%,63,1.70%,63,1.50%,39,1.30%,30,1.20%,23,0.60%,97,1.90%,26,0.40%,9,0.30%,8,0.40%,20,0.40%,27,0.50%,25,0.70%,23,0.50%,8,0.30%,48,0.80%,9,0.30%,9,0.40%,10,0.60%,11,0.50%,6,0.10%,5,0.10%,32,0.90%,3,0.10%,14,0.60%,22,1.00%,64,0.80%,39,1.00%,14,0.80%,6,0.10%,1,0.00%,22,0.90%,0,0.00%,27,1.10%,9,0.30%,17,0.80%,44,5.30%,"5,677",3.80%
            Two or More Races,22,2.10%,85,2.30%,48,3.10%,79,2.10%,75,3.00%,90,2.50%,61,3.20%,106,3.60%,102,3.30%,113,2.80%,87,2.70%,86,3.10%,93,2.80%,142,5.80%,88,3.40%,95,3.50%,105,2.70%,80,3.70%,107,3.80%,36,2.20%,128,7.00%,42,2.30%,39,1.50%,193,9.00%,78,2.30%,54,2.00%,98,4.00%,105,4.50%,111,5.20%,207,8.70%,206,6.50%,116,8.70%,144,6.50%,52,2.70%,152,2.00%,99,2.80%,87,3.10%,141,2.70%,24,1.80%,76,4.90%,85,3.20%,86,3.80%,56,2.90%,29,1.60%,44,1.80%,107,2.30%,28,1.80%,29,1.00%,32,1.60%,37,1.70%,56,3.40%,82,2.20%,51,1.10%,46,2.30%,34,1.30%,43,1.50%,75,1.20%,50,1.00%,35,1.20%,34,0.90%,40,1.00%,30,1.30%,35,1.60%,34,1.70%,103,2.20%,29,1.20%,32,0.90%,66,1.60%,52,1.80%,40,1.30%,95,1.60%,105,2.70%,50,1.30%,70,1.50%,85,1.80%,61,1.40%,30,1.20%,93,1.50%,43,1.00%,113,1.60%,49,1.20%,114,1.70%,110,2.20%,53,1.30%,68,1.10%,46,1.10%,70,1.30%,52,1.00%,21,1.80%,48,1.40%,70,1.60%,80,2.10%,57,1.10%,38,1.90%,37,1.30%,77,3.10%,110,2.70%,61,1.30%,27,0.90%,36,1.60%,75,1.40%,54,1.10%,76,2.40%,108,2.40%,27,1.20%,60,2.20%,88,2.40%,103,2.40%,65,2.10%,39,1.60%,62,1.60%,157,3.00%,79,1.30%,62,1.90%,24,1.20%,67,1.50%,49,0.80%,60,1.80%,102,2.20%,51,1.80%,60,1.00%,30,1.10%,24,1.20%,32,2.00%,36,1.50%,82,1.70%,47,1.00%,23,0.70%,34,1.20%,34,1.40%,49,2.30%,114,1.40%,68,1.70%,13,0.70%,42,1.00%,49,1.10%,40,1.60%,8,0.50%,7,0.30%,18,0.70%,20,1.00%,4,0.50%,"4,654",3.10%
        Not Hispanic or Latino,999,95.20%,"3,321",91.20%,"1,449",92.60%,"3,473",93.40%,"2,220",89.80%,"3,364",91.80%,"1,710",90.40%,"2,607",89.50%,"2,907",93.20%,"3,641",90.50%,"3,025",93.80%,"2,560",92.10%,"2,961",90.60%,"2,124",86.30%,"2,317",90.10%,"2,508",92.40%,"3,581",93.60%,"1,899",87.50%,"2,411",86.40%,"1,524",91.50%,"1,521",82.80%,"1,675",92.10%,"2,436",92.70%,"1,369",64.10%,"3,191",92.10%,"2,440",91.30%,"2,029",82.70%,"1,908",82.50%,"1,850",86.80%,"1,764",74.20%,"2,332",73.10%,906,67.60%,"1,695",76.10%,"1,614",84.50%,"6,821",89.70%,"3,284",93.60%,"2,585",92.50%,"4,876",94.70%,"1,297",96.00%,"1,341",86.30%,"2,379",90.90%,"1,920",84.00%,"1,691",87.60%,"1,688",90.50%,"2,203",91.70%,"4,445",93.50%,"1,478",96.00%,"2,625",91.50%,"1,760",90.70%,"1,936",91.30%,"1,456",87.20%,"3,331",90.80%,"4,267",95.90%,"1,871",94.30%,"2,415",95.30%,"2,782",97.50%,"5,919",97.30%,"5,093",97.30%,"2,838",97.80%,"3,614",97.10%,"3,952",98.10%,"2,348",97.80%,"2,077",95.70%,"1,964",96.20%,"4,466",95.00%,"2,270",97.40%,"3,357",97.40%,"4,001",96.20%,"2,707",96.00%,"2,968",96.30%,"5,695",96.30%,"3,605",92.30%,"3,629",96.10%,"4,504",96.40%,"4,467",96.10%,"4,178",96.70%,"2,525",97.60%,"5,799",96.40%,"4,032",97.10%,"7,021",96.80%,"4,072",97.90%,"6,384",97.10%,"4,906",96.40%,"4,065",96.80%,"5,978",97.00%,"3,904",97.50%,"5,327",97.30%,"5,078",97.60%,"1,141",96.00%,"3,319",96.70%,"4,234",96.70%,"3,592",95.80%,"5,206",97.60%,"1,959",96.20%,"2,810",97.80%,"2,296",91.50%,"3,876",93.70%,"4,455",96.90%,"2,928",97.50%,"2,179",96.60%,"5,304",96.80%,"4,739",97.20%,"3,045",94.50%,"4,288",95.10%,"2,113",97.40%,"2,606",95.10%,"3,424",94.00%,"4,084",94.60%,"2,920",94.90%,"2,314",95.30%,"3,839",96.60%,"4,853",93.10%,"5,974",97.60%,"3,178",96.80%,"1,927",97.50%,"4,491",97.50%,"5,778",97.70%,"3,212",96.20%,"4,562",96.60%,"2,677",96.90%,"5,775",97.00%,"2,729",98.20%,"2,030",97.90%,"1,505",96.30%,"2,278",97.10%,"4,619",97.60%,"4,822",98.20%,"3,296",97.70%,"2,768",98.20%,"2,406",97.10%,"2,031",95.30%,"7,800",96.20%,"3,871",96.20%,"1,749",98.10%,"4,216",98.40%,"4,570",98.20%,"2,378",96.80%,"1,570",98.90%,"2,324",98.10%,"2,624",98.10%,"1,960",97.70%,775,93.30%,"132,995",89.50%
            White alone,814,77.60%,"1,655",45.40%,876,56.00%,"2,306",62.00%,863,34.90%,"1,154",31.50%,561,29.70%,"1,055",36.20%,"2,212",70.90%,"2,088",51.90%,708,22.00%,836,30.10%,"1,740",53.20%,"1,184",48.10%,"1,498",58.20%,"1,804",66.50%,"2,691",70.40%,"1,293",59.60%,"1,370",49.10%,627,37.70%,693,37.70%,"1,276",70.10%,"2,070",78.80%,486,22.70%,"1,747",50.40%,"1,174",43.90%,816,33.30%,488,21.10%,541,25.40%,640,26.90%,663,20.80%,268,20.00%,162,7.30%,855,44.70%,"4,945",65.00%,"2,517",71.80%,"1,688",60.40%,"3,590",69.70%,"1,093",80.90%,785,50.50%,"1,608",61.40%,421,18.40%,142,7.40%,295,15.80%,219,9.10%,"1,970",41.40%,"1,091",70.90%,"2,000",69.70%,576,29.70%,238,11.20%,201,12.00%,"1,426",38.90%,"1,720",38.60%,876,44.20%,"1,594",62.90%,"2,612",91.50%,"5,392",88.60%,"4,598",87.90%,"2,543",87.70%,"3,260",87.60%,"3,595",89.30%,"2,135",89.00%,"1,869",86.10%,"1,710",83.80%,"3,978",84.60%,"2,097",90.00%,"2,893",84.00%,"3,086",74.20%,"2,362",83.70%,"2,620",85.00%,"4,809",81.30%,"2,522",64.60%,"3,149",83.40%,"3,991",85.50%,"3,877",83.40%,"3,635",84.10%,"2,236",86.50%,"4,893",81.40%,"3,577",86.20%,"6,508",89.70%,"3,832",92.10%,"5,828",88.70%,"4,581",90.00%,"3,735",88.90%,"5,407",87.70%,"3,618",90.40%,"5,009",91.50%,"4,791",92.10%,"1,041",87.60%,"3,111",90.70%,"3,828",87.40%,"3,049",81.30%,"4,753",89.10%,"1,796",88.20%,"2,623",91.30%,"1,854",73.90%,"3,430",82.90%,"4,163",90.50%,"2,699",89.80%,"2,014",89.30%,"4,699",85.70%,"4,060",83.30%,"2,458",76.30%,"3,481",77.20%,"1,907",87.90%,"2,200",80.30%,"2,717",74.60%,"3,108",72.00%,"2,373",77.10%,"1,933",79.60%,"3,270",82.30%,"3,516",67.50%,"4,846",79.10%,"2,763",84.20%,"1,541",77.90%,"4,002",86.90%,"5,097",86.20%,"2,727",81.70%,"3,716",78.70%,"2,261",81.80%,"5,317",89.30%,"2,550",91.70%,"1,902",91.70%,"1,326",84.80%,"2,147",91.60%,"3,990",84.30%,"4,441",90.40%,"3,057",90.60%,"2,618",92.80%,"1,733",69.90%,"1,470",68.90%,"6,653",82.10%,"3,346",83.10%,"1,667",93.50%,"4,013",93.70%,"4,334",93.10%,"2,281",92.90%,"1,506",94.80%,"2,177",91.90%,"2,473",92.40%,"1,846",92.00%,450,54.20%,"68,206",45.90%
            Black or African American alone,84,8.00%,904,24.80%,263,16.80%,569,15.30%,658,26.60%,"1,215",33.20%,602,31.80%,855,29.40%,340,10.90%,"1,040",25.90%,"1,065",33.00%,979,35.20%,906,27.70%,545,22.20%,525,20.40%,373,13.70%,518,13.50%,357,16.40%,624,22.40%,572,34.40%,522,28.40%,253,13.90%,183,7.00%,746,34.90%,704,20.30%,622,23.30%,895,36.50%,"1,199",51.90%,"1,100",51.60%,837,35.20%,"1,326",41.50%,498,37.10%,"1,393",62.60%,620,32.40%,797,10.50%,222,6.30%,302,10.80%,876,17.00%,124,9.20%,354,22.80%,552,21.10%,"1,315",57.50%,"1,387",71.90%,"1,277",68.40%,"1,818",75.70%,"1,669",35.10%,185,12.00%,335,11.70%,"1,020",52.60%,"1,572",74.10%,"1,138",68.20%,"1,514",41.30%,"2,188",49.20%,484,24.40%,550,21.70%,35,1.20%,76,1.20%,124,2.40%,59,2.00%,57,1.50%,87,2.20%,75,3.10%,67,3.10%,50,2.40%,122,2.60%,24,1.00%,98,2.80%,324,7.80%,136,4.80%,104,3.40%,362,6.10%,632,16.20%,164,4.30%,159,3.40%,226,4.90%,171,4.00%,73,2.80%,321,5.30%,120,2.90%,121,1.70%,18,0.40%,146,2.20%,58,1.10%,45,1.10%,129,2.10%,40,1.00%,19,0.30%,53,1.00%,31,2.60%,39,1.10%,116,2.60%,207,5.50%,153,2.90%,40,2.00%,37,1.30%,169,6.70%,155,3.70%,74,1.60%,87,2.90%,64,2.80%,185,3.40%,170,3.50%,195,6.10%,247,5.50%,23,1.10%,106,3.90%,260,7.10%,354,8.20%,225,7.30%,151,6.20%,142,3.60%,755,14.50%,301,4.90%,78,2.40%,145,7.30%,45,1.00%,155,2.60%,116,3.50%,77,1.60%,54,2.00%,86,1.40%,30,1.10%,23,1.10%,27,1.70%,9,0.40%,55,1.20%,38,0.80%,46,1.40%,13,0.50%,98,4.00%,247,11.60%,563,6.90%,288,7.20%,2,0.10%,25,0.60%,5,0.10%,3,0.10%,0,0.00%,4,0.20%,17,0.60%,8,0.40%,1,0.10%,"43,568",29.30%
            American Indian and Alaska Native alone,6,0.60%,62,1.70%,11,0.70%,20,0.50%,16,0.60%,46,1.30%,13,0.70%,36,1.20%,4,0.10%,35,0.90%,31,1.00%,24,0.90%,19,0.60%,43,1.70%,21,0.80%,25,0.90%,24,0.60%,27,1.20%,63,2.30%,16,1.00%,26,1.40%,18,1.00%,26,1.00%,16,0.70%,11,0.30%,5,0.20%,13,0.50%,24,1.00%,9,0.40%,25,1.10%,43,1.30%,17,1.30%,9,0.40%,1,0.10%,2,0.00%,5,0.10%,5,0.20%,5,0.10%,7,0.50%,19,1.20%,12,0.50%,33,1.40%,5,0.30%,7,0.40%,16,0.70%,18,0.40%,3,0.20%,0,0.00%,23,1.20%,17,0.80%,14,0.80%,72,2.00%,58,1.30%,17,0.90%,47,1.90%,18,0.60%,16,0.30%,24,0.50%,17,0.60%,12,0.30%,19,0.50%,0,0.00%,8,0.40%,23,1.10%,22,0.50%,11,0.50%,15,0.40%,14,0.30%,6,0.20%,10,0.30%,17,0.30%,22,0.60%,16,0.40%,8,0.20%,9,0.20%,7,0.20%,17,0.70%,15,0.20%,6,0.10%,14,0.20%,9,0.20%,12,0.20%,14,0.30%,16,0.40%,43,0.70%,14,0.30%,16,0.30%,22,0.40%,5,0.40%,2,0.10%,12,0.30%,16,0.40%,28,0.50%,13,0.60%,12,0.40%,52,2.10%,32,0.80%,13,0.30%,15,0.50%,11,0.50%,13,0.20%,9,0.20%,17,0.50%,32,0.70%,6,0.30%,21,0.80%,26,0.70%,28,0.60%,34,1.10%,7,0.30%,19,0.50%,12,0.20%,7,0.10%,12,0.40%,26,1.30%,10,0.20%,27,0.50%,9,0.30%,20,0.40%,1,0.00%,32,0.50%,6,0.20%,10,0.50%,1,0.10%,3,0.10%,6,0.10%,92,1.90%,26,0.80%,17,0.60%,8,0.30%,98,4.60%,76,0.90%,18,0.40%,5,0.30%,4,0.10%,9,0.20%,0,0.00%,2,0.10%,16,0.70%,7,0.30%,18,0.90%,277,33.30%,"1,170",0.80%
            Asian alone,53,5.10%,437,12.00%,208,13.30%,369,9.90%,495,20.00%,684,18.70%,396,20.90%,446,15.30%,174,5.60%,130,3.20%,"1,031",32.00%,499,17.90%,118,3.60%,117,4.80%,77,3.00%,107,3.90%,87,2.30%,10,0.50%,36,1.30%,153,9.20%,141,7.70%,17,0.90%,26,1.00%,12,0.60%,568,16.40%,533,19.90%,184,7.50%,34,1.50%,57,2.70%,12,0.50%,10,0.30%,16,1.20%,8,0.40%,66,3.50%,777,10.20%,363,10.30%,448,16.00%,144,2.80%,8,0.60%,32,2.10%,33,1.30%,1,0.00%,4,0.20%,13,0.70%,2,0.10%,478,10.10%,103,6.70%,143,5.00%,5,0.30%,7,0.30%,5,0.30%,14,0.40%,16,0.40%,408,20.60%,30,1.20%,22,0.80%,74,1.20%,104,2.00%,79,2.70%,87,2.30%,49,1.20%,33,1.40%,35,1.60%,36,1.80%,52,1.10%,41,1.80%,238,6.90%,357,8.60%,68,2.40%,71,2.30%,195,3.30%,136,3.50%,49,1.30%,172,3.70%,113,2.40%,129,3.00%,86,3.30%,268,4.50%,158,3.80%,100,1.40%,18,0.40%,83,1.30%,61,1.20%,76,1.80%,47,0.80%,43,1.10%,27,0.50%,54,1.00%,7,0.60%,61,1.80%,79,1.80%,109,2.90%,88,1.60%,17,0.80%,10,0.30%,11,0.40%,50,1.20%,42,0.90%,31,1.00%,13,0.60%,175,3.20%,341,7.00%,199,6.20%,254,5.60%,60,2.80%,89,3.20%,170,4.70%,316,7.30%,40,1.30%,90,3.70%,225,5.70%,257,4.90%,566,9.20%,187,5.70%,97,4.90%,219,4.80%,298,5.00%,233,7.00%,568,12.00%,251,9.10%,77,1.30%,65,2.30%,12,0.60%,67,4.30%,14,0.60%,337,7.10%,30,0.60%,19,0.60%,22,0.80%,436,17.60%,20,0.90%,157,1.90%,44,1.10%,8,0.40%,28,0.70%,45,1.00%,22,0.90%,10,0.60%,6,0.30%,33,1.20%,8,0.40%,0,0.00%,"10,346",7.00%
            Native Hawaiian and Other Pacific Islander alone,2,0.20%,0,0.00%,1,0.10%,2,0.10%,0,0.00%,2,0.10%,1,0.10%,0,0.00%,0,0.00%,0,0.00%,0,0.00%,0,0.00%,6,0.20%,3,0.10%,0,0.00%,0,0.00%,0,0.00%,0,0.00%,2,0.10%,1,0.10%,0,0.00%,0,0.00%,0,0.00%,0,0.00%,0,0.00%,0,0.00%,0,0.00%,1,0.00%,0,0.00%,0,0.00%,1,0.00%,0,0.00%,0,0.00%,0,0.00%,2,0.00%,0,0.00%,3,0.10%,1,0.00%,1,0.10%,2,0.10%,0,0.00%,0,0.00%,1,0.10%,0,0.00%,0,0.00%,20,0.40%,0,0.00%,2,0.10%,0,0.00%,0,0.00%,1,0.10%,2,0.10%,0,0.00%,0,0.00%,0,0.00%,0,0.00%,0,0.00%,3,0.10%,0,0.00%,0,0.00%,0,0.00%,0,0.00%,0,0.00%,0,0.00%,0,0.00%,0,0.00%,0,0.00%,1,0.00%,0,0.00%,0,0.00%,1,0.00%,1,0.00%,0,0.00%,0,0.00%,1,0.00%,1,0.00%,1,0.00%,0,0.00%,0,0.00%,7,0.10%,2,0.00%,0,0.00%,0,0.00%,0,0.00%,4,0.10%,0,0.00%,1,0.00%,0,0.00%,1,0.10%,0,0.00%,5,0.10%,0,0.00%,0,0.00%,2,0.10%,0,0.00%,1,0.00%,1,0.00%,0,0.00%,0,0.00%,1,0.00%,4,0.10%,0,0.00%,0,0.00%,0,0.00%,0,0.00%,0,0.00%,2,0.10%,0,0.00%,0,0.00%,0,0.00%,0,0.00%,4,0.10%,0,0.00%,0,0.00%,0,0.00%,0,0.00%,0,0.00%,0,0.00%,0,0.00%,0,0.00%,0,0.00%,0,0.00%,0,0.00%,0,0.00%,0,0.00%,0,0.00%,0,0.00%,2,0.10%,0,0.00%,0,0.00%,0,0.00%,2,0.00%,0,0.00%,0,0.00%,0,0.00%,0,0.00%,0,0.00%,0,0.00%,0,0.00%,0,0.00%,1,0.00%,0,0.00%,57,0.00%
            Some Other Race alone,10,1.00%,17,0.50%,10,0.60%,13,0.30%,24,1.00%,18,0.50%,21,1.10%,9,0.30%,15,0.50%,40,1.00%,11,0.30%,8,0.30%,25,0.80%,9,0.40%,20,0.80%,17,0.60%,28,0.70%,10,0.50%,16,0.60%,19,1.10%,13,0.70%,4,0.20%,1,0.00%,7,0.30%,31,0.90%,15,0.60%,24,1.00%,25,1.10%,10,0.50%,19,0.80%,27,0.80%,6,0.40%,25,1.10%,18,0.90%,17,0.20%,16,0.50%,26,0.90%,27,0.50%,13,1.00%,14,0.90%,20,0.80%,12,0.50%,21,1.10%,9,0.50%,13,0.50%,30,0.60%,17,1.10%,10,0.30%,7,0.40%,1,0.00%,22,1.30%,15,0.40%,25,0.60%,9,0.50%,8,0.30%,4,0.10%,24,0.40%,20,0.40%,9,0.30%,9,0.20%,13,0.30%,0,0.00%,12,0.60%,11,0.50%,11,0.20%,5,0.20%,24,0.70%,23,0.60%,12,0.40%,23,0.70%,16,0.30%,25,0.60%,24,0.60%,17,0.40%,35,0.80%,4,0.10%,6,0.20%,15,0.20%,7,0.20%,21,0.30%,13,0.30%,25,0.40%,14,0.30%,18,0.40%,13,0.20%,1,0.00%,15,0.30%,9,0.20%,10,0.80%,10,0.30%,1,0.00%,4,0.10%,7,0.10%,5,0.20%,0,0.00%,14,0.60%,16,0.40%,22,0.50%,0,0.00%,8,0.40%,11,0.20%,9,0.20%,5,0.20%,20,0.40%,2,0.10%,5,0.20%,8,0.20%,10,0.20%,20,0.60%,6,0.20%,16,0.40%,23,0.40%,21,0.30%,2,0.10%,1,0.10%,16,0.30%,10,0.20%,17,0.50%,13,0.30%,5,0.20%,23,0.40%,5,0.20%,3,0.10%,10,0.60%,14,0.60%,31,0.70%,15,0.30%,1,0.00%,3,0.10%,10,0.40%,11,0.50%,24,0.30%,20,0.50%,1,0.10%,11,0.30%,16,0.30%,5,0.20%,1,0.10%,8,0.30%,5,0.20%,5,0.20%,41,4.90%,897,0.60%
            Two or More Races,30,2.90%,246,6.80%,80,5.10%,194,5.20%,164,6.60%,245,6.70%,116,6.10%,206,7.10%,162,5.20%,308,7.70%,179,5.60%,214,7.70%,147,4.50%,223,9.10%,176,6.80%,182,6.70%,233,6.10%,202,9.30%,300,10.80%,136,8.20%,126,6.90%,107,5.90%,130,4.90%,102,4.80%,130,3.80%,91,3.40%,97,4.00%,137,5.90%,133,6.20%,231,9.70%,262,8.20%,101,7.50%,98,4.40%,54,2.80%,281,3.70%,161,4.60%,113,4.00%,233,4.50%,51,3.80%,135,8.70%,154,5.90%,138,6.00%,131,6.80%,87,4.70%,135,5.60%,260,5.50%,79,5.10%,135,4.70%,129,6.60%,101,4.80%,75,4.50%,288,7.90%,260,5.80%,77,3.90%,186,7.30%,91,3.20%,337,5.50%,220,4.20%,131,4.50%,189,5.10%,189,4.70%,105,4.40%,86,4.00%,134,6.60%,281,6.00%,92,3.90%,89,2.60%,196,4.70%,123,4.40%,140,4.50%,295,5.00%,267,6.80%,227,6.00%,157,3.40%,206,4.40%,231,5.30%,106,4.10%,287,4.80%,164,3.90%,250,3.40%,180,4.30%,290,4.40%,178,3.50%,175,4.20%,335,5.40%,188,4.70%,240,4.40%,149,2.90%,46,3.90%,96,2.80%,193,4.40%,207,5.50%,177,3.30%,86,4.20%,128,4.50%,195,7.80%,192,4.60%,141,3.10%,96,3.20%,68,3.00%,217,4.00%,150,3.10%,171,5.30%,254,5.60%,115,5.30%,185,6.70%,241,6.60%,268,6.20%,228,7.40%,127,5.20%,167,4.20%,286,5.50%,233,3.80%,136,4.10%,117,5.90%,199,4.30%,191,3.20%,110,3.30%,168,3.60%,105,3.80%,240,4.00%,73,2.60%,80,3.90%,74,4.70%,91,3.90%,200,4.20%,206,4.20%,145,4.30%,95,3.40%,121,4.90%,185,8.70%,325,4.00%,155,3.80%,66,3.70%,135,3.20%,161,3.50%,67,2.70%,51,3.20%,113,4.80%,89,3.30%,74,3.70%,6,0.70%,"8,751",5.90%
